id,name,total_tracks,release_date,artists
3C2MFZ2iHotUQOSBzdSvM7,Lonerism,12,2012-01-01,['5INjqkS1o8h1imAzPqGZBb']
7FwV5ibe9JVQZvnR9brOz2,One For The Road,2,2013-12-09,['7Ln80lUS6He07XvHI8qqHH']
2xkZV2Hl1Omi8rk2D7t5lN,The New Abnormal,9,2020-04-10,['0epOFNiUfyON9EYx7Tpr6V']
2INVdJ9We1SgVtbkXwdDXf,ppl plzr,1,2020-09-09,['3ztRX1UoIOsFqpD7dB6R8O']
50nvPOvceq4QENvfPhSEoC,No Way To Relax When You Are On Fire,13,2024-09-13,['4V30Q8ACPdJCcAmAYibfrH']
6kZOrDBW1M8ZenbHzRf27y,UTOPIA NOW!,13,2024-03-22,['21IgTzfAyrn8DJpEY7F4DM']
0xCWaLwotmO3NtVQsHrhNf,Triple Seven,10,2024-08-16,['1TkiNxDsrc0PgIWBrATCbe']
6jU18Jwl900BeZDrnyXkDB,One More Thing,10,2024-02-16,['5GA6j57yIPCBrWk1lTvF9o']
2nfzbXwQ7h1d7dNFGNTwHy,Doomsday (Illuminati Hotties Version),1,2023-08-23,"['5gmk49M0KriLVEWOqAoqjH', '3ztRX1UoIOsFqpD7dB6R8O']"
5MH2ICGjLf6Lm9G72Rfx2f,Let Me Do One More,12,2021-10-01,['3ztRX1UoIOsFqpD7dB6R8O']
0fi5QEzJUB4aSYoRNTGqVa,New York,1,2024-10-11,['27tsCOGutD6wmFnv4eKWMp']
386OkomCq7KFjusVqI1E78,Lighthouse,11,2024-03-22,['0qrCon6GmV92JY5vNALLif']
6fS1NzHCFFXUswH4eTaBgo,Year Of The Banana,9,2024-10-18,['6xriZDSK3wPXhOoZXr9fzF']
2Epa4HydFeZJ6rxm8OZ7aw,FREE I.H: This Is Not the One You've Been Waiting For,12,2020-07-17,['3ztRX1UoIOsFqpD7dB6R8O']
5ROzqM7rbMYoKbQIw4i7fp,I Got Heaven,10,2024-03-01,['33yje3hgpNfdXpqdJQcrt9']
3AIk8ZdtqVcOWMFDs40LVy,Black Ribbon,1,2024-02-26,['0Kpf7PvEotzvndPhYwwZzb']
5BQHDhHDJ3smzTm0CZrRjN,The Academy,12,2024-09-20,['0gSmzBSSMT1yJanwTK16Ln']
5wWOSnHalf5iMaVWu6CGnn,Wish On The Bone,11,2024-08-30,['4FAX5kglTvU5WiFq7yPNb9']
6fqL1LWBXMC1PnE66aERAC,Kiss Yr Frenemies,11,2018-05-11,['3ztRX1UoIOsFqpD7dB6R8O']
17Qdg73AQmQgZw0USNdUyo,Bad Bad Hats,10,2024-04-12,['2bstapBmz5M83elQvPnwp6']
76QByEEi6sx4KuEyhhfNto,Massachusetts,2,2024-07-31,['3XRj6XMmub9546oUagEqHY']
2A2YAsMValtDhNeaiz69Ky,Infinite Sky,4,2024-10-11,['7iyWvxyp2SxGg3L66TmHbO']
2GROf0WKoP5Er2M9RXVNNs,The Car,10,2022-10-21,['7Ln80lUS6He07XvHI8qqHH']
1Cxm5fLWA3RTMCYnO6JniX,Slow Down,1,2018-04-13,['7oh6gwRCYhambO8qcKh3T1']
5j70jrJlMUJq2vDcJHf2zU,Vulfnik,10,2023-06-01,['6pGuw52TrX5SZPdQSxAvgW']
5fRzRIGjUCxlL68gipL7tP,Band Like That,1,2024-01-24,['1NJUWqbiNAk1BPOyQhb2qe']
6I7Al2K8HxKvyJcook1ZR8,Romanticism,12,2024-05-03,['3diDUq8QMCCtx8a4Jy42aO']
5gS0mVQdlowwHfpf4k5hJO,Ohio All The Time,1,2024-10-22,['5Wj0an60VgRckYV9zlDe1e']
5ImLYR0rFG7zJlMzTfA4Oz,Lucky Onze,3,2024-06-07,['7iyWvxyp2SxGg3L66TmHbO']
5YMMVf8CozIqS0IDOoqTAD,POWER,13,2024-08-23,['3ztRX1UoIOsFqpD7dB6R8O']
35UJLpClj5EDrhpNIi4DFg,The Bends,12,1995-03-13,['4Z8W4fKeB5YxbusRsdQVPb']
78bpIziExqiI9qztvNFlQu,AM,12,2013-09-09,['7Ln80lUS6He07XvHI8qqHH']
2yNaksHgeMQM9Quse463b5,Is This It,11,2001-07-30,['0epOFNiUfyON9EYx7Tpr6V']
31qVWUdRrlb8thMvts0yYL,The Slow Rush,12,2020-02-14,['5INjqkS1o8h1imAzPqGZBb']
1amYhlukNF8WdaQC3gKkgL,The Now Now,11,2018-06-29,['3AA28KZvwAUcZuOKwyblJQ']
6q1ZuWCnYTQb7KhXHZo947,Everything You've Come To Expect (Deluxe Edition),18,2016-12-02,['2Z7UcsdweVlRbAk5wH5fsf']
6dVIqQ8qmQ5GBnJ9shOYGE,OK Computer,12,1997-05-28,['4Z8W4fKeB5YxbusRsdQVPb']
50Zz8CkIhATKUlQMbHO3k1,"Whatever People Say I Am, That's What I'm Not",13,2006-01-29,['7Ln80lUS6He07XvHI8qqHH']
2swiA7ANSFyAHKJhkD4mNR,Sex & Food,12,2018-04-06,['1LeVJ5GPeYDOVUjxx1y7Rp']
79dL7FLiJFOO0EoehUHQBv,Currents,13,2015-07-17,['5INjqkS1o8h1imAzPqGZBb']
2ym2jcqckXqWeTDoxz3Kst,Suck It and See,12,2011-06-06,['7Ln80lUS6He07XvHI8qqHH']
5vkqYmiPBYLaalcmjujWxK,In Rainbows,10,2007-12-28,['4Z8W4fKeB5YxbusRsdQVPb']
7wOOA7l306K8HfBKfPoafr,In Utero,12,1993-09-21,['6olE6TJLqED3rqDCT0FyPh']
6O9YDn12I4WQxUBQE9tpnN,Skiptracing,11,2016-08-26,['5J81VungUjSVHxlPpTI9KG']
3fk5b09jPto2iiQz9b207c,Waterloo To Anywhere,11,2006-01-01,['6fHETUBbKmdmgybtFOFQuc']
2dIGnmEIy1WZIcZCFSj6i8,Plastic Beach,16,2010-03-03,['3AA28KZvwAUcZuOKwyblJQ']
1DNSmmRLfv97Yjq7MTFWng,InnerSpeaker,11,2010-05-21,['5INjqkS1o8h1imAzPqGZBb']
2y3Rm0cT1xbf2NoTQwKv99,The Age Of The Understatement,12,2008-04-19,['2Z7UcsdweVlRbAk5wH5fsf']
6mm1Skz3JE6AXneya9Nyiv,Oracular Spectacular,10,2007-12-14,['0SwO7SWeDHJijQ3XNS7xEE']
6DxidEI7EhF8md8ev83iNY,Jinx,10,2019-06-14,['4kSGbjWGxTchKpIxXPJv0B']
1To7kv722A8SpZF789MZy7,MTV Unplugged In New York,14,1994-11-01,['6olE6TJLqED3rqDCT0FyPh']
5rvkoNlufp1WUV5pnGuKOQ,Sketches of Brunswick East,13,2017-08-18,"['6XYvaoDGE0VmRt83Jss9Sn', '5J81VungUjSVHxlPpTI9KG']"
6ohX7moZZnF1FwYrli1OJ6,In Utero (Deluxe Edition),43,1993-09-21,['6olE6TJLqED3rqDCT0FyPh']
4hlZNsmD2CoVWAbr6GnEYb,Ice Melt,10,2021-04-30,['4kSGbjWGxTchKpIxXPJv0B']
0bUTHlWbkSQysoM3VsWldT,Demon Days,15,2005-05-23,['3AA28KZvwAUcZuOKwyblJQ']
3XQMgEnLQnOMkFaJA9w6sZ,Veckatimest,12,2009-05-24,['2Jv5eshHtLycR6R8KQCdc4']
1KVGLuPtrMrLlyy4Je6df7,Bleach,13,1989-06-01,['6olE6TJLqED3rqDCT0FyPh']
2XgBQwGRxr4P7cHLDYiqrO,2,11,2012-10-16,['3Sz7ZnJQBIHsXLUSo0OQtM']
4pKJ14jcQKqko0cVBYoeWR,Locket,4,2017-06-23,['4kSGbjWGxTchKpIxXPJv0B']
6JmnnC2r3mvEFugTomuxWG,1981 Extended Play,6,2018-11-09,['0Raaw7kr1Vzat4ZvHzjsJR']
2aoI8tkPq9NBvGiARD0KoR,Multi-Love,9,2015-05-26,['1LeVJ5GPeYDOVUjxx1y7Rp']
1nCD1xKA9swhdJaoKFFngO,"Say, Can You Hear",1,2018-11-30,['3zmfs9cQwzJl575W1ZYXeT']
3HJiLDJgWA9Z0MvCxlzHYQ,What Do You Think About the Car?,11,2017-04-13,['2D4FOOOtWycb3Aw9nY5n3c']
2tQ8dsmr0EpIJ5FFyUMQES,Oysters In My Pocket,1,2022-03-10,['5b5bt4mZQpJMoCRbiQ7diH']
03gwRG5IvkStFnjPmgjElw,Songs of Her's,9,2017-05-12,['77mJc3M7ZT5oOVM7gNdXim']
3177kbTL2CQMUeIojn2SdK,Timeline,10,2015-09-18,['5J81VungUjSVHxlPpTI9KG']
3TcGOgTAOLfRN69R74hxmI,Schvitz,10,2022-12-30,['7pXu47GoqSYRajmBCjxdD6']
7ce7LxfZAy3R4ZkP6E1JbF,Pop Impressions (Remastered),12,1972-01-01,['44w54ag6mZjclpEET3ROf9']
4LsFjd6Se6lEsughB7sXhF,Be the Wheel,11,2023-03-10,"['2a4lU7F8toqKpb5v6Ftqya', '0ZHYWjY4CjSi7BHBiuw3QN']"
5XZCdlBDZ0CzxBGjU8ZvMX,Funky Times,5,2021-06-25,['1WlYYdGPxcxcmDVtIzTuhV']
5EFXvxJr8UO36SneJaxg2w,SAM GREENFIELD SUCKS,11,2022-02-25,['03ZdbEBsbFHG3uJC6gYiOY']
4voc4nmHBjqM4Dm5rjMDUs,Dot,10,2024-07-23,['6pGuw52TrX5SZPdQSxAvgW']
2GEQWuTviG5lXO66aiOYqt,The Fearless Flyers,6,2018-03-30,['1JyLSGXC3aWzjY6ZdxvIXh']
0vMEOukkuztXflwVkiCqFA,Blood Cells,1,2023-09-01,"['0zimAUeLZD9gEVSEgc9RRd', '1SqJPsQ1Xl7SqS7bNcea5P']"
5DM1qCdgGt2zbknnsVn1Ca,Meat Is Murder,9,1985-02-11,['3yY2gUcIsjMr8hjo51PoJ8']
0R1kilmC4LO7BW0cmTaGtN,Oddments,12,2014-03-07,['6XYvaoDGE0VmRt83Jss9Sn']
5uV5cai6VPXvq9fmtvlRWn,Modern Johnny Sings: Songs in the Age of Vibe,12,2020-01-10,['2a4lU7F8toqKpb5v6Ftqya']
4s1igjt5YJe7s7BdCeX3DX,The Good Life,5,2018-07-10,['3lFDsTyYNPQc8WzJExnQWn']
1QSMihg3S7foNkuYbLHGUl,Fortified,13,2015-10-16,['55BOGnEb0pUuAgbxAwwbKV']
5s57FHV8CsfmgUmpMzsoe3,Head in the Clouds,1,2022-11-18,"['4y6ORtg4fPmsXNftMLw12X', '3szeS1OVdR464BUVlIH3L0', '2kPPtGrPl59H7uFKz4MehA']"
3vgkJKN0xtwsMEHnhWkzyF,3 3 3,9,2022-07-13,['1EoYANOJzjAhHD0ChMfn0G']
7wAWsia8smE3scMtlO0nOx,Gumbo,9,2017-04-21,['2FMOHE79X98yptp4RpPrt7']
26xicCegyTkFjxQQwec8ed,Delicious,10,2019-11-01,['0uyK6faAhm4CYcf1OhP38V']
6R2lZorB2j4tZ88LHxYWFr,Groove Window,1,2022-05-17,['1WlYYdGPxcxcmDVtIzTuhV']
74RpuzXv88fjpiKjeWWdOQ,3 1 2,1,2023-07-03,['1EoYANOJzjAhHD0ChMfn0G']
2cZ4rjMOn8zz1ToKSBQVWa,Hill Climber,10,2018-12-07,['7pXu47GoqSYRajmBCjxdD6']
2vHvlp5gyQOs2tluZ82bhi,The Fearless Flyers IV,6,2024-02-09,['1JyLSGXC3aWzjY6ZdxvIXh']
5pXfTNefx0UVx5kRb1SLMl,Sweet Disco Times,1,2020-05-13,['1WlYYdGPxcxcmDVtIzTuhV']
1W3Ze7eoWkAw32AjCRx0Zt,Swagism,18,2018-04-20,['55BOGnEb0pUuAgbxAwwbKV']
5ngHFQ0hYDlYirIE5l0if9,KINFOLK: Postcards from Everywhere,14,2017-02-03,['3C1TdpEowpf6AMf7PycuWy']
631tfYWQsACU5Kmk8dpqli,Mr Finish Line,10,2017-11-07,['7pXu47GoqSYRajmBCjxdD6']
5UPoy05LslmCA7kuvOHNW0,Free Music,8,2015-09-16,['7gRH7pJQJaAvrwvi8STYEl']
3vgMvHqMcJ8OgSpdnhFqjt,Windbreaker,1,2021-03-19,['1WlYYdGPxcxcmDVtIzTuhV']
34GiVp9W9v6GjsWLkBp0HS,The Dip,11,2015-04-14,['2qFOYqFxPaIwEnffVhJhEn']
04QktcTXcS9qQTp7Q22Z3I,Heartbreak Hits,10,2017-01-06,['2a4lU7F8toqKpb5v6Ftqya']
6qPLq4JNIUi0BEj1OHwEkg,Tailwinds,10,2020-07-24,['1JyLSGXC3aWzjY6ZdxvIXh']
6BwMnR9yKSmf5P5PZFAhlq,Here We Go Jack,10,2022-08-05,['6pGuw52TrX5SZPdQSxAvgW']
0Ajs51QREa33RFggJkZiXO,The Lotus and the Swamp,8,2022-03-25,['4y6ORtg4fPmsXNftMLw12X']
0fGe7GihM5rZSnh0WMb7sk,Wong's Cafe,10,2022-01-07,['6xt9sJmmyYwWkJv8A6ssiU']
3emaON3OLNgF3OGQdCaGUs,Capri Sun,5,2024-02-09,['1WlYYdGPxcxcmDVtIzTuhV']
4V0RTRl6OgbmamweNaFsT4,The Groove Sessions,7,2021-07-09,['7FZ7QjjU3oULdlzZr6GJCw']
0woDg8EWf32yL9I5bhrGSD,"The Joy of Music, The Job of Real Estate",10,2020-10-23,['7pXu47GoqSYRajmBCjxdD6']
0woDg8EWf32yL9I5bhrGSD,"The Joy of Music, The Job of Real Estate",10,2020-10-23,['7pXu47GoqSYRajmBCjxdD6']
0fGe7GihM5rZSnh0WMb7sk,Wong's Cafe,10,2022-01-07,['6xt9sJmmyYwWkJv8A6ssiU']
3emaON3OLNgF3OGQdCaGUs,Capri Sun,5,2024-02-09,['1WlYYdGPxcxcmDVtIzTuhV']
4V0RTRl6OgbmamweNaFsT4,The Groove Sessions,7,2021-07-09,['7FZ7QjjU3oULdlzZr6GJCw']
3YvwOLTCayOnrxe1TCiIxx,Careless (Tiny Room Sessions),1,2021-07-16,"['0zimAUeLZD9gEVSEgc9RRd', '5uiYVTlSFQqK08L1MKuBnW', '71DLOjjNflV6J67OQrR54B']"
7yfKLZHZRYOr9ersfyaobt,Got Ya Movin',3,2021-05-11,['1WlYYdGPxcxcmDVtIzTuhV']
56A86WbwqATUbMlbtAGfrx,Piano - EP,5,2019-01-01,['502QOcjJiKbhtG2MyrFkc8']
2AHuyG5S86JKDji8vvvGjQ,Weird Fishes (A Cappella),1,2018-02-17,['1eyGtJBOiRGtvXAEhQHpBS']
1F6LrJHFfmVb9AqB3Q5Ajs,WANDERKID,11,2021-10-01,['11DpUQDuQFFuGU8VXny3K6']
31x40Om0bdifHoipsR80U8,Swimmer,9,2020-02-14,['1ybAN3utgdoUL1MUCtH4QM']
5yN7aMyqzgyEYbfKnZmctH,Queue: The Mixtape,10,2017-05-05,['1Rxe2OboMb1Bx2n49182AJ']
3RBeWddW8FHxtCdzD0VHns,Oh No Darling!,1,2023-04-14,['34A8vV1MCxGpA14KspqQuC']
6oAuEC6dwwlzC38dVX29Wt,The Girl From Ipanema,1,2020-07-15,['3tc5O6Blz62oYIm6cy6nDN']
1NsPL84AmOheqmfUYB6YDq,The Realm of Endless Concepts,11,2019-02-10,['08TGV83UEqrOTm6mHIkfA3']
5j6vCHYIQMHPFzzlsEBRHq,The Juveniles of Funk,7,2020-07-20,['3fdSaLGoAJx4kb2WxpTreJ']
1XkGORuUX2QGOEIL4EbJKm,Favourite Worst Nightmare,12,2007-04-22,['7Ln80lUS6He07XvHI8qqHH']
4qeUQ9ciWeHIbxEYRjuDwl,First,11,2017-02-17,"['4h7DUL1L3RrCzquDp8xQXY', '0rLLyTr5rx0qYKb63MdVW9']"
5a44WaQgnPi5f66eYfxi1r,As Good a Place as Any,10,2019-04-05,['1bfk97GO0DYNUjbNNJ0XIT']
3zNi5dCpkbm4zv7h1vGOMy,Djesse Vol. 2,16,2019-07-19,['0QWrMNukfcVOmgEU0FEDyD']
3XYdHXylJext4aa0F4aSOC,Rainbow Beach,9,2021-09-24,['11PSrxL3fUwegNhxdfP6zE']
1Rsm7e7fnLx87MDgV7w7ZM,The Age Of The Understatement,4,2008-04-10,['2Z7UcsdweVlRbAk5wH5fsf']
1HQ61my1h3VWp2EBWKlp0n,First Impressions Of Earth,14,2006-01-03,['0epOFNiUfyON9EYx7Tpr6V']
2p8VeG5r2aadenxHViCibr,Time,14,2018-08-10,['6uIst176jhzooPMetg2rtH']
29sTacnS0qA9xri6YS8xLA,Superunknown (Deluxe Edition),32,1994-03-09,['5xUf6j4upBrXZPg6AI4MRK']
2NRmQa5rsSqARapsAQJx9n,Anchor EP (Tour Edition),12,2016-07-26,['0A51LEnyTnXX33IyuwM0Ts']
5gdWHfwu68jqPbxXxMDyL6,Curve Of The Earth,9,2016-01-15,['09K1H1DgyIXHsMx2j7KTFX']
3MIjK59fAiYu2iM0gNJEXH,Stunning & Atrocious,14,2021-08-20,['3M8JKaNdIRChzvxVK1XxKm']
17eYcLgMpCnTHY9zeevjQ0,Ellen/Oprah,1,2019-08-13,['3tc5O6Blz62oYIm6cy6nDN']
4oP74Bm7s1nytdCkp1geHL,Here,11,2018-06-10,['7jOY91ZU7kn86slH3fBbaD']
5VmLDp0QQKLh51469u3uuH,Animals Acoustic,13,2018-10-05,['5TUa95aB5Vu2CzwCnZd6t0']
0rOpnObDCNWjFu08RZx2Ev,Bigtop Burger: Original Soundtrack,5,2020-09-01,['6oZkXVodBHhty6H0PuSJei']
44JtWis3WYHBL7YcmIPobL,Shelter,9,2023-07-07,['03uMw43UVu9MsQCcHVSGjX']
30HepWMAKuXCNF9bzd5dRA,Songbook Vol. 2,8,2022-03-18,['7pQXfjCzKMCrcQnp9TAn3z']
5QBZf1SnKE7WtjivYO74KE,Shadowglow,14,2022-08-19,['7FKTg75ADVMZgY3P9ZMRtH']
291A3Ud0sbMSfmG48k6GQY,From 2 to 3,11,2022-03-04,['6fC2AcsQtd9h4BWELbbire']
6hnlO74dZkXLCk8dQNjLjf,going...going...GONE!,7,2023-09-29,['52PdgUJOjvS6Mpmjy1SAlx']
33riUwviIbmtv4TGomCMUz,Some Kind of Ghoul,5,2020-09-10,['3vVDncwsr2d6svvsH8WVYO']
6cI1XoZsOhkyrCwtuI70CN,The Smiths,11,1984-02-20,['3yY2gUcIsjMr8hjo51PoJ8']
60UAUb98BH6Z0ezRUAMJrz,Inner World Peace,15,2022-10-21,['0x4xCoWaOFd3WsKarzaxnW']
4JDXBZdRPId4devseaAOKH,DECIDE,13,2022-09-16,['5p9HO3XC5P3BLxJs5Mtrhm']
70N5l7CBZmAMCh1WfnM6in,In My Room,11,2016-07-01,['0QWrMNukfcVOmgEU0FEDyD']
43Ly01iLJ2uIQPfqjZmH8Y,I Love My Mom,10,2018-06-08,['3ir2pF2mkiEWqyPenKTh5e']
3MKaD7aYasZcnBvv8g2XKO,Look at it in the Light,6,2022-04-22,['4eArh1v6UwBbKkjdgHCned']
4F0ErN0sksS7GIwCWH7BrM,Camomile Sea,1,2020-11-30,['12zJUOk2H41NBQLe0n2Pub']
7hlIZo0zmIL0cd76vieDzM,Duality,13,2022-03-04,['4ZAk3yVJdtf1CFnTiG08U3']
00CYAyKNYKcxoszMmhAI6G,Boys,3,2016-03-25,"['3ir2pF2mkiEWqyPenKTh5e', '3sPikOgTrzCD6Mfene0ou0']"
02FObjiIjRFKKjTUTQw7iz,À Cabo,1,2023-07-20,"['5dHfLBNU8zoypgKefzEB1c', '6wTD4jLsPadWutQ9nJvzT6']"
3HFbH1loOUbqCyPsLuHLLh,Room On Fire,11,2003-10-28,['0epOFNiUfyON9EYx7Tpr6V']
7vrsFZNVhrriKh0SZKJW41,Dark Red,1,2017-02-20,['57vWImR43h4CaDao012Ofp']
5nJ9B1KiydXoYWAcyqlG76,Melophobia,10,2013-10-08,['26T3LtbuGT1Fu9m0eRq5X3']
2T0iwqVWzr4Y63x4kKO5DW,What Did You Expect from The Vaccines?,12,2011-03-14,['0Ak6DLKHtpR6TEEnmcorKA']
4qC8mysA680i7chkL3JQQw,Clash the Truth,14,2013-02-19,['1bwUhKRmEkOZ1wuTnV9XjC']
4zM61adzXFpgNQYyBSSufT,Mercy Mountain,13,2015-08-07,['66riSKDVOc3vPkeyju0q0o']
5mzoI3VH0ZWk1pLFR6RoYy,Hail To the Thief,14,2003-06-09,['4Z8W4fKeB5YxbusRsdQVPb']
68P7oIUK327pt5tDIZJd63,Think Tank (Special Edition),27,2003,['7MhMgCo0Bl0Kukl93PZbYS']
3UiPQ7ZMb9sfwvvEGFyXOx,Self Aware,1,2017-11-01,['1kHRymNPmogG52AtyIJKQF']
4z7vVySwSgChpRyskj0TLT,The Boogie Down South,9,2023-01-27,['6ql3PKpzPtJITCzZBebyaV']
6I2SUr0MolRUiDEcZAbSWm,What Separates Me From You,10,2010-11-16,['4NiJW4q9ichVqL1aUsgGAN']
7JAP54qpfq60TE8jgkujCs,U Should Not Be Doing That / Facts,2,2024-05-21,['3NqV2DJoAWsjl787bWaHW7']
0UJhhj5bn5AGAjryFnhueP,Bleed American,11,2001-07-17,['3Ayl7mCk0nScecqOzvNp6s']
3iKo4gRHWc3pflj0IDuTHi,Dempsey,6,2016-06-03,['31M8EXHYtEqOqVb1X7JRVe']
3ilXDEG0xiajK8AbqboeJz,"Echoes, Silence, Patience & Grace",12,2007-09-25,['7jy3rLJdDQY21OgRLCZ9sD']
2eLnAcGJgI4cdFlqjT25h1,Thirst,11,2022-12-09,['43kKsfG1eZSFW785NtHDYs']
3wes7jJ9Ig44rYtlYGwAh9,Brianstorm,4,2007-04-15,['7Ln80lUS6He07XvHI8qqHH']
318nGB7yJyE7CUm5i1W27i,Standing Next To Me,4,2008-07-07,['2Z7UcsdweVlRbAk5wH5fsf']
4gT3GcSihWfQqAr5MBWfQ0,The Free Life,11,2018-03-09,['1NyswKLrbbWby73lOfJRZH']
3UpE4fszD4goeSoyZXq4dg,The Black and White album,15,2007-01-01,['4DToQR3aKrHQSSRzSz8Nzt']
3Su6Sgi0YjcUFuCzjLKYYq,Heavy Is the Crown,2,2024-09-24,['6XyY86QOPPrYVGvF9ch6wz']
77FBNlMvuIbvsTAJar8rk9,Alexa!,2,2020-12-01,['3t1nM1F3Ynmt6Ft7ouWYmW']
5IEoiwkThhRmSMBANhpxl2,Humbug,10,2009-08-20,['7Ln80lUS6He07XvHI8qqHH']
6lfjbwFGzQ6aSNP1N3JlT8,Ill Communication,20,1994-05-23,['03r4iKL2g2442PT9n2UKsx']
3SwIjv6JSHkY14XUbOAtkp,Francis Trouble,10,2018-03-09,['1Li0eIWeMeWcOOWpImcG9H']
0JM4lsF31jRVkpuG4Ekrlk,That Sedative,1,2020-01-17,['5h5YgUkm7vI0bdbQTyBGmb']
5hqmEMXO32v9e8mjWljKkP,Beat the Devil's Tattoo (Deluxe Version),15,2010-03-07,['1tpXaFf2F55E7kVJON4j4G']
5OZgDtx180ZZPMpm36J2zC,Simulation Theory (Super Deluxe),21,2018-11-09,['12Chz98pHFMPJEknJQMWvI']
7mWd8LS3zZWlFMPvuMNpIb,Dear Goth,1,2021-03-10,['3X8VK5wNpLQCVEo4sWBH2A']
24E6rDvGDuYFjlGewp4ntF,Evil Empire,11,1996-04-16,['2d0hyoQ5ynDBnkvAbJKORj']
5CZR6ljD0x9fTiS4mh9wMp,Only By The Night,11,2008-09-23,['2qk9voo8llSGYcZ6xrBzKx']
6eSJ0lu0uwtiqXkP7Qrrno,Blunderbuss,13,2012-04-20,['4FZ3j1oH43e7cukCALsCwf']
6P3ZyijowPOvCE5EtTBHbW,This Time Next Year (Deluxe),16,2021-10-29,['2iwVdN0Geaw5Sn2Abeh9fB']
7G9fuOeoMTrIc5H0SSAV4y,Tuning In,1,2022-08-26,['4SX1RwkM82CQll2eoV9HaP']
0oJENTPJrpm9rrgRp7uhL7,(A Bit of a) Birthday,1,2019-09-13,['07eIrj0b3z5mgvtkDmWoxo']
0k0CQv0y7oiRFUDVdlsA2j,FREE I.H: This Is Not the One You've Been Waiting For,12,2020-07-17,['3ztRX1UoIOsFqpD7dB6R8O']
1XxuhZNYJrEwI9iVK3WEC1,Butterflies Drink Turtle Tears,12,2018-09-21,['4mq5CE2MZeSYoc6k1JQuEA']
30Perjew8HyGkdSmqguYyg,Blood Sugar Sex Magik (Deluxe Edition),19,1991-09-24,['0L8ExT028jH3ddEcZwqJJ5']
5wzGjIYYUnx1jtosNeqTdR,Are You Satisfied?,13,2015-05-29,['3xByNj8XW17oW0wsJhgzYL']
3c0NHNo2Gn0X7uARad3hGv,I Didn't Mean To Haunt You,11,2022-11-10,['3zz52ViyCBcplK0ftEVPSS']
1KTVkY7i6Ry8QMtPTBzYOf,MENTHOL*,1,2021-12-10,['7vNNmjV14SKQzlQAEg0BXP']
70hX7IYqmUGV97OXs2v848,One Wayne G,199,2023-04-21,['3Sz7ZnJQBIHsXLUSo0OQtM']
642k2mjhDGqE7wfwKrDrjU,How Can Some Experience What Pride Is Without Liberation for All?,1,2020-09-18,['7J6YlxY8MiF5ZwfVBzMpPc']
67PsnkYVPNpEsZffyTWGgW,Here Comes The Cowboy,13,2019-05-10,['3Sz7ZnJQBIHsXLUSo0OQtM']
053cOxEOjfCjCkO471SycQ,Love Machine,5,2017-02-27,['3oBP043HsDnok9FzprqPce']
27ygqCfb4dXQ3jyXnC58FU,CRAWLER,14,2021-11-12,['75mafsNqNE1WSEVxIKuY5C']
2vBa3poU0e82yfPtxcn9lg,Joy as an Act of Resistance.,12,2018-08-31,['75mafsNqNE1WSEVxIKuY5C']
60EzsIzS77S9MWHT0Tm37s,Summer's Over,7,2021-10-13,"['5Bw9kFNhy019e4IBCJZlzw', '0Y6dVaC9DZtPNH4591M42W']"
4oL7pMxnb04uuRI7ReXmuh,Who Really Cares,10,2016-02-25,['0Y6dVaC9DZtPNH4591M42W']
0DMKZZanrzK36YjFyI5nfF,Krystal,13,2020-11-20,['12j6dJrPXanCBwY599pZxf']
0R8hWFaSU4KwXXcY1Qh6H5,Wild Heart,10,2013-01-02,['0m5FakHKCQdA7UN0PIzMcL']
4LULr4Lz6obf9eL2BA0tiJ,Puzzles,4,2022-05-11,['7I95CM75shzCjHuTzrepjM']
4Hai0uVzRbyTSaTPzxTY4e,French Exit,12,2014-06-05,['0Y6dVaC9DZtPNH4591M42W']
5OZgDtx180ZZPMpm36J2zC,Simulation Theory (Super Deluxe),21,2018-11-09,['12Chz98pHFMPJEknJQMWvI']
3Su6Sgi0YjcUFuCzjLKYYq,Heavy Is the Crown,2,2024-09-24,['6XyY86QOPPrYVGvF9ch6wz']
6lfjbwFGzQ6aSNP1N3JlT8,Ill Communication,20,1994-05-23,['03r4iKL2g2442PT9n2UKsx']
0JM4lsF31jRVkpuG4Ekrlk,That Sedative,1,2020-01-17,['5h5YgUkm7vI0bdbQTyBGmb']
0oJENTPJrpm9rrgRp7uhL7,(A Bit of a) Birthday,1,2019-09-13,['07eIrj0b3z5mgvtkDmWoxo']
3SwIjv6JSHkY14XUbOAtkp,Francis Trouble,10,2018-03-09,['1Li0eIWeMeWcOOWpImcG9H']
3iKo4gRHWc3pflj0IDuTHi,Dempsey,6,2016-06-03,['31M8EXHYtEqOqVb1X7JRVe']
5IEoiwkThhRmSMBANhpxl2,Humbug,10,2009-08-20,['7Ln80lUS6He07XvHI8qqHH']
318nGB7yJyE7CUm5i1W27i,Standing Next To Me,4,2008-07-07,['2Z7UcsdweVlRbAk5wH5fsf']
3wes7jJ9Ig44rYtlYGwAh9,Brianstorm,4,2007-04-15,['7Ln80lUS6He07XvHI8qqHH']
6eSJ0lu0uwtiqXkP7Qrrno,Blunderbuss,13,2012-04-20,['4FZ3j1oH43e7cukCALsCwf']
6I2SUr0MolRUiDEcZAbSWm,What Separates Me From You,10,2010-11-16,['4NiJW4q9ichVqL1aUsgGAN']
3ilXDEG0xiajK8AbqboeJz,"Echoes, Silence, Patience & Grace",12,2007-09-25,['7jy3rLJdDQY21OgRLCZ9sD']
77FBNlMvuIbvsTAJar8rk9,Alexa!,2,2020-12-01,['3t1nM1F3Ynmt6Ft7ouWYmW']
0UJhhj5bn5AGAjryFnhueP,Bleed American,11,2001-07-17,['3Ayl7mCk0nScecqOzvNp6s']
1XxuhZNYJrEwI9iVK3WEC1,Butterflies Drink Turtle Tears,12,2018-09-21,['4mq5CE2MZeSYoc6k1JQuEA']
1KTVkY7i6Ry8QMtPTBzYOf,MENTHOL*,1,2021-12-10,['7vNNmjV14SKQzlQAEg0BXP']
4gT3GcSihWfQqAr5MBWfQ0,The Free Life,11,2018-03-09,['1NyswKLrbbWby73lOfJRZH']
24E6rDvGDuYFjlGewp4ntF,Evil Empire,11,1996-04-16,['2d0hyoQ5ynDBnkvAbJKORj']
5hqmEMXO32v9e8mjWljKkP,Beat the Devil's Tattoo (Deluxe Version),15,2010-03-07,['1tpXaFf2F55E7kVJON4j4G']
0k0CQv0y7oiRFUDVdlsA2j,FREE I.H: This Is Not the One You've Been Waiting For,12,2020-07-17,['3ztRX1UoIOsFqpD7dB6R8O']
5wzGjIYYUnx1jtosNeqTdR,Are You Satisfied?,13,2015-05-29,['3xByNj8XW17oW0wsJhgzYL']
053cOxEOjfCjCkO471SycQ,Love Machine,5,2017-02-27,['3oBP043HsDnok9FzprqPce']
3c0NHNo2Gn0X7uARad3hGv,I Didn't Mean To Haunt You,11,2022-11-10,['3zz52ViyCBcplK0ftEVPSS']
27ygqCfb4dXQ3jyXnC58FU,CRAWLER,14,2021-11-12,['75mafsNqNE1WSEVxIKuY5C']
3UiPQ7ZMb9sfwvvEGFyXOx,Self Aware,1,2017-11-01,['1kHRymNPmogG52AtyIJKQF']
60EzsIzS77S9MWHT0Tm37s,Summer's Over,7,2021-10-13,"['5Bw9kFNhy019e4IBCJZlzw', '0Y6dVaC9DZtPNH4591M42W']"
642k2mjhDGqE7wfwKrDrjU,How Can Some Experience What Pride Is Without Liberation for All?,1,2020-09-18,['7J6YlxY8MiF5ZwfVBzMpPc']
67PsnkYVPNpEsZffyTWGgW,Here Comes The Cowboy,13,2019-05-10,['3Sz7ZnJQBIHsXLUSo0OQtM']
4Hai0uVzRbyTSaTPzxTY4e,French Exit,12,2014-06-05,['0Y6dVaC9DZtPNH4591M42W']
2vBa3poU0e82yfPtxcn9lg,Joy as an Act of Resistance.,12,2018-08-31,['75mafsNqNE1WSEVxIKuY5C']
7JAP54qpfq60TE8jgkujCs,U Should Not Be Doing That / Facts,2,2024-05-21,['3NqV2DJoAWsjl787bWaHW7']
2eLnAcGJgI4cdFlqjT25h1,Thirst,11,2022-12-09,['43kKsfG1eZSFW785NtHDYs']
7G9fuOeoMTrIc5H0SSAV4y,Tuning In,1,2022-08-26,['4SX1RwkM82CQll2eoV9HaP']
4z7vVySwSgChpRyskj0TLT,The Boogie Down South,9,2023-01-27,['6ql3PKpzPtJITCzZBebyaV']
3UpE4fszD4goeSoyZXq4dg,The Black and White album,15,2007-01-01,['4DToQR3aKrHQSSRzSz8Nzt']
7mWd8LS3zZWlFMPvuMNpIb,Dear Goth,1,2021-03-10,['3X8VK5wNpLQCVEo4sWBH2A']
4LULr4Lz6obf9eL2BA0tiJ,Puzzles,4,2022-05-11,['7I95CM75shzCjHuTzrepjM']
30Perjew8HyGkdSmqguYyg,Blood Sugar Sex Magik (Deluxe Edition),19,1991-09-24,['0L8ExT028jH3ddEcZwqJJ5']
4oL7pMxnb04uuRI7ReXmuh,Who Really Cares,10,2016-02-25,['0Y6dVaC9DZtPNH4591M42W']
6P3ZyijowPOvCE5EtTBHbW,This Time Next Year (Deluxe),16,2021-10-29,['2iwVdN0Geaw5Sn2Abeh9fB']
0R8hWFaSU4KwXXcY1Qh6H5,Wild Heart,10,2013-01-02,['0m5FakHKCQdA7UN0PIzMcL']
5CZR6ljD0x9fTiS4mh9wMp,Only By The Night,11,2008-09-23,['2qk9voo8llSGYcZ6xrBzKx']
0DMKZZanrzK36YjFyI5nfF,Krystal,13,2020-11-20,['12j6dJrPXanCBwY599pZxf']
70hX7IYqmUGV97OXs2v848,One Wayne G,199,2023-04-21,['3Sz7ZnJQBIHsXLUSo0OQtM']
4oMSL9GDnGiU7wkFjkChvo,Break The Tension,1,2024-10-03,['71ISXR7gtIq5E2AdI3jGf0']
2sij95QgjmgrhNv33achzn,Salad Days,11,2014-04-01,['3Sz7ZnJQBIHsXLUSo0OQtM']
1mye2e9cvWBLIrY2b59fFN,The Tinker,1,2022-06-24,['71ISXR7gtIq5E2AdI3jGf0']
7mUYDBqNiddmKxuKrnBEKQ,Show Me How,1,2018-02-28,['3zmfs9cQwzJl575W1ZYXeT']
6dxjNrYNXkEVTIhjypB0nQ,The Invisible Man,1,2024-02-23,['71ISXR7gtIq5E2AdI3jGf0']
2sij95QgjmgrhNv33achzn,Salad Days,11,2014-04-01,['3Sz7ZnJQBIHsXLUSo0OQtM']
3xY4LXoc9298yS7bAUMYeZ,Cyberfunk!,12,2020-09-18,['4tXtAqJV0KS75ndQsYh1GG']
1YDyZrS75xgT5CQnNQQCVx,Houseplants,1,2019-02-27,['685XjGzGztyivfR3fAjoxo']
6svS1vGX5qyK9mhz8ijzxs,Get Born (Deluxe Edition),24,2003-09-14,['5ypxebeHEIXjMtJb17uJlI']
2IC2TP7bnwkfl56vjabLQt,Cave World,12,2022-07-08,['2nAKP6etu8wXNnezKXgqgg']
5fCEg1o9yoHGDdZtJO4Hcy,Shotgun Betty,1,2019-04-12,['6hQS54VPpxunuwR0W7usuo']
4piJq7R3gjUOxnYs6lDCTg,Hot Fuss,12,2004,['0C0XlULifJtAgn6ZNCW2eu']
1mye2e9cvWBLIrY2b59fFN,The Tinker,1,2022-06-24,['71ISXR7gtIq5E2AdI3jGf0']
4Gfnly5CzMJQqkUFfoHaP3,Meteora,13,2003-09-16,['6XyY86QOPPrYVGvF9ch6wz']
6GRtAMltLePut4C81M2scJ,Life/Death,5,2019-06-21,['4SX1RwkM82CQll2eoV9HaP']
6sIuooUF4DsLZeH7UpmddK,Air,1,2017-01-30,['24MZwdqSqvkeVdkX4P1T0a']
4oMSL9GDnGiU7wkFjkChvo,Break The Tension,1,2024-10-03,['71ISXR7gtIq5E2AdI3jGf0']
76OFhgPO6W6WMwm6KlKX0Y,1,16,2024-07-19,['04PoYcw0Zcevr7MQC0kzUM']
6dxjNrYNXkEVTIhjypB0nQ,The Invisible Man,1,2024-02-23,['71ISXR7gtIq5E2AdI3jGf0']
6hPkbAV3ZXpGZBGUvL6jVM,Hybrid Theory (Bonus Edition),15,2000,['6XyY86QOPPrYVGvF9ch6wz']
7mUYDBqNiddmKxuKrnBEKQ,Show Me How,1,2018-02-28,['3zmfs9cQwzJl575W1ZYXeT']
0HU0ivC4hwEbYATlSdsA8S,Death Wish,1,2022-09-22,"['1PaF0WJCG5MLAoOv5xSWeR', '58eJhHRICp87T2IFcP0bYh']"
2LmQo1kH4W6xctjHWihIsR,Internet Breath,6,2021-04-30,['73XtH9MpvvvcUxQxYEAX15']
1z3Wt5gSU57Ploa0xNIOKa,Savage Season,1,2020-01-01,['4rqs8Dn1h2Fhibmvsx9TPF']
5y6RXjI5VPR0RyInghTbf1,Pedro,1,2024-03-29,"['1c3uso4iIeeX3P0bhKaQDq', '124jbwgd8Hh6LW7jAqTa8r', '6EVyI0S0b1Ld2nm37m5x85']"
4MT3BeO1DE8PAbsJSgfDtA,Renaissance,5,2023-10-27,['2CpLIMBoE2ZzyY3ZBCRZ7j']
5ON20qgoweG6jjxVXrQdZh,MY BODY IS GOD ON ACID,1,2022-06-23,['5JXS13q07rUqMWcgQeQXCM']
2hy9sLDt7IVAvJRGVdzZnx,The Party Album!,12,1999-06-04,['0cwmNvclzPd8mQnoHuIksj']
60S00zDlfsP8UPGjMmTSH2,Disco Cone (Take It High) [ft. WENZL],1,2024-01-26,"['19mMHUyLK5uYyg9D14yJP6', '20TzJXkB1BHRDiazEqsf8r']"
5VuP5M8hv7m5zDmOlIEaFR,Phenomena,1,2021-02-12,['6LtXxYMIiKSy2EGHnz1f5j']
5wYVjOJACZ7WamSbrAYMO9,The Unknown,2,2023-07-07,['7fBLGr93Le6xbyLwQK1ZhA']
0FMJ2ekVp4UssnzTD9tnN3,Universe,3,2016-11-20,['3oPI0nOC7MHooFy5qDsFrv']
3MhGOga5TlR7JfKxDSxv9Q,Dernière danse (Techno Mix),1,2024-01-26,"['0FEJqmeLRzsXj8hgcZaAyB', '1r43wW70tnGUauQYvY5w48']"
0ZVpEzmv3wYLL1waCPPf7V,Eros Massacre,5,2022-04-29,['6LtXxYMIiKSy2EGHnz1f5j']
0muw7ptphdHPlwLaqooaLg,Rcklss008,12,2022-09-14,['0LyfQWJT6nXafLPZqxe9Of']
6nHojW3YDjo6TWgx9tONHj,Sevilla,1,2019-11-04,"['2NTtIgPZyELENThAeqfvR6', '4YQOU9GVYBYVJmdmGkDQh1']"
6Oqnh7JGRs89dUzdPBE1nY,Bunker Buster,1,2024-03-15,['3YMs2NjzmU8oc5muj4LxgL']
3MvjwDFhjikvE0FiTRfkBS,Gold,19,2019-01-29,['7i7knDRybyk0pKGZs4TrA0']
4TgJh50gs7yp059X4pmjHR,ALLEINE (Brutalismus 3000 RMX),1,2022-10-28,"['4PvnP3yCzrT289cX3wCdOx', '6LtXxYMIiKSy2EGHnz1f5j']"
4tdjof8Q9w84L19SH3gY2K,"Dance For Me (1, 2, 3) [Stutter Techno]",1,2023-10-06,"['2m8ROV7jEwm66LBxUNhUMt', '6dcF1Pcj5BlCkSK9FF96GG', '34lIancN28qj7jD4JxYOdE']"
3qXVu7ROSjZ5YEdOwsK1FN,GOLDEN SZN,1,2022-09-23,"['2n6aFLFLpEBs61Kfy5EX5v', '7LexKs9s1tG7Ktkd7lMHBp']"
61hGQNFwmqGHXm5eeMkd4d,L'Amour Toujours,1,2001-05-23,['1OAjDaKgg00KCUYqDe68un']
4kiB2fjPSRxYhqfFA1dSV1,GOODBYE SALÒ,6,2024-07-19,['6LtXxYMIiKSy2EGHnz1f5j']
2pfNMLF3uvCCQ72TDsfOa9,Follow the Groove,1,2023-08-03,['3OHl7zl5cliNK2ADa18ZxL']
6jFLFLzf3ILnZ1hUF4wGpn,Space Train,1,2023-06-21,"['5cg7ESNx1k1NLAkdx78P9y', '7IwSYMdY2qHT0H6tIGH6l3']"
2Z3qUHMVu72eJOY5nLVFfd,Liebe In Zeiten Der Kola,4,2020-11-20,['6LtXxYMIiKSy2EGHnz1f5j']
7LjcNvarTr5rlLPbNfjWxb,Own Methods,1,2022-01-25,"['2gW0M5fn2r7Lo4Hn1r8HZ5', '68FFgnelfY75QdZ6RmctYh']"
39nZLctQpTKoFBNZ8gHjsE,Schreien! (Turbo Remix),1,2023-04-14,"['2j7Kbyq2wgLpC4tkfcixQZ', '5kcg3AWB22uwFWJWhpVfBV']"
4fmtd5CduUYx2bmMOvXwX4,Miss You,1,2022-07-30,['1GVuCyb4PlArufUZDUnRQi']
39VudHdhAGwLJ51ZYOzKHp,WISH I NEVER KNEW YOU,1,2023-03-17,['1WaFQSHVGZQJTbf0BdxdNo']
0DJa3eO8LEL6ZwE4MimP3Z,Tekk Стиль,2,2021-08-27,['1AsruX0vcpmL1O82dfWZBD']
6NBrnXHV1iS38tw0gTEQme,Hell 999,4,2020-07-03,['4QtOZMHDnbuNaHLGMm26rc']
5nIGJ0xAgOpX6q4IpOVLiv,Eternal Rave,1,2023-12-01,"['7i7ddOIQP0uI3ktGxI0zkM', '6U0dJxYVB41L8WDZ02Nwuk']"
1cIhasMqR2uxzWLRYkRpzb,STAY AWAY,1,2022-02-05,['1k0U51DXyjFk4YnLZUIMP9']
60rhOCClApo0duvJbe2A18,We Control,1,2022-02-25,['4h8IEOdrg60WM5XGyNOCVU']
6rlPFukbUf2UevarKt4lDr,Black Eyes,2,2019-09-15,['4cmropGcX5bGUlB6yn4yB3']
0LqlxrPPPu7LbA9SEClaLN,Teknocity,1,2023-08-18,"['1cMiNxpdh0mP5WFnPvr4xf', '7BGTl5Swxc7pcXnSgqzSSM']"
6ooBxhsOVedpX4zPTCyL86,Hyperdrama,13,2024-04-26,['1gR0gsQYfi6joyO1dlp76N']
3YlVEpElZrKltVQC8ZSf3n,Sturmfrei,18,2024-02-02,['3OFo18LHyXeX0u7Y2fonXb']
64eR0xbVZxevhmNhkPPg9C,333 (Clímax) [Caravel Remix],1,2024-07-17,"['4dRPdWRUFyJp0yhjGBLClx', '75vabMROpVyiTX4wv3iHFH', '5od72ceH2aN3pS4hcHNzRy']"
1JOMt08TLz8kwa9GJXP4Ya,It Ain't Over,1,2023-06-30,['5tcwaJBUyEdxQxvieuQxU7']
0AtlEQ56o0yKOd9qM1EBp0,Body Paint,2,2022-09-29,['7Ln80lUS6He07XvHI8qqHH']
4cp9opr5n08caMaYj39DCy,Atlantis,1,2023-02-10,['79LaPRYSRh7JAnu3r1jYPF']
0EaF9YPTmGw5K9ndExhQ7a,My Gasoline,1,2023-08-18,"['0RMeG9M8QFzss9bAbq99KA', '7akxhVMmCpSDFw152XqCu6']"
1V3AZZAfAVa5lo5RyiQRx9,R4V3 EXILE,1,2023-09-27,['7BGTl5Swxc7pcXnSgqzSSM']
0ID0nLCnPAbtqYJ8pR64TB,Light Your Own Nightmares,6,2022-06-24,['0LyfQWJT6nXafLPZqxe9Of']
01era9xzEQbHls24scYWhC,Techno Crari,2,2021-07-19,['6fjhNhp9IoeiZpEXq9AT2S']
3YGBCgO6Z52YCO1R3QTn38,ARTS V - Five years of Arts,20,2019-01-21,['0LyfQWJT6nXafLPZqxe9Of']
696OMqq5z6wI7NnulwDWiy,New Generation,3,2022-03-15,['7uYIUwgVSEv7bomOcPROCf']
41Knrnm88QyuE9h8ATY8Dz,Welcome Back Devil,1,2019-11-08,['0ZdNs1hU6aAiaZxvFbtDWF']
7EM9FAc6VnTpn8enoucp5q,Miss You (Sped Up Version),1,2022-10-17,"['6TLwD7HPWuiOzvXEa3oCNe', '0M2CO5ijP35MDhNwvpgxTV']"
5EtLKjH311CLH0QwS7eSEF,Sparkling System,4,2019-07-29,['5Nd385K2g3s0828W8Ab70z']
3XOTIthD2eKHLEwq9gk8wg,Trepidation,1,2020-08-07,['0aby7MYHsm3JS0eSifxu3I']
4lkW9DiMaD9PQZhaIRQUnH,Church Outfit,1,2023-04-04,['5mlbvTfWUOfDrUIK6dkNzv']
31Rxxv9rb8WwJYEoBZWuQa,NETFLIX & KILL,2,2024-03-15,['6DAoPIKbym8tpSn4cAffWv']
3SwSSNhZEqrGqsJ006Q1v6,Dawn,12,2016-05-06,['2KjAo6wVc9d2WcxdxSArpV']
2D3sqMNIFXi4bqGHXpSXHJ,"Hold Up, Look Back",9,2024-07-12,['5P0unmRK5EI6psA51571i7']
0LgnntyagLdfW5Dz2OSYHU,WHEN I WAS OLDER (Music Inspired By The Film ROMA),1,2019-01-09,['6qqNVTkY8uBg9cP3Jd7DAH']
6DWN7dWflNJx4mApWXBjj1,Mami Wata,7,2020-10-02,['1Bfk5r6g6fXLaMoESYbePK']
7vHBQDqwzB7uDvoE5bncMM,Drunk,23,2017-02-24,['4frXpPxQQZwbCu3eTGnZEw']
7vHBQDqwzB7uDvoE5bncMM,Drunk,23,2017-02-24,['4frXpPxQQZwbCu3eTGnZEw']
0LgnntyagLdfW5Dz2OSYHU,WHEN I WAS OLDER (Music Inspired By The Film ROMA),1,2019-01-09,['6qqNVTkY8uBg9cP3Jd7DAH']
3SwSSNhZEqrGqsJ006Q1v6,Dawn,12,2016-05-06,['2KjAo6wVc9d2WcxdxSArpV']
6DWN7dWflNJx4mApWXBjj1,Mami Wata,7,2020-10-02,['1Bfk5r6g6fXLaMoESYbePK']
2D3sqMNIFXi4bqGHXpSXHJ,"Hold Up, Look Back",9,2024-07-12,['5P0unmRK5EI6psA51571i7']
0NvirtaDCaZU5PAW1O5FDE,Humanz (Deluxe),26,2017-04-28,['3AA28KZvwAUcZuOKwyblJQ']
6qvWzoGkU310CqOrUNm5sQ,The Weather,11,2018-10-01,['4skJp5OKvcc9eKokiuhi2s']
2UJcKiJxNryhL050F5Z1Fk,Nevermind (Remastered),13,1991-09-26,['6olE6TJLqED3rqDCT0FyPh']
4RVNd8UwGiAqzfPjbgv0O3,Kasabian/Empire,21,2004,['11wRdbnoYqRddKBrpHt4Ue']
3kxxxUQ9HFVUSg2pDLYoZ0,Twenty Twenty,12,2019-09-13,['5p9HO3XC5P3BLxJs5Mtrhm']
2dMmcXlG8xtRJNlsjIrPWe,Virtue,15,2018-03-30,['4nUBBtLtzqZGpdiynTJbYJ']
1j57Q5ntVi7crpibb0h4sv,Hatful of Hollow,16,1984,['3yY2gUcIsjMr8hjo51PoJ8']
2OhUWm2KJay2YWeItU9YcH,Turn On The Bright Lights,11,2002-08-20,['3WaJSfKnzc65VDgmj2zU8B']
6ICrBzsbHVluGHP8wGK4Y3,Incesticide,15,1992-12-14,['6olE6TJLqED3rqDCT0FyPh']
7slouenWhZDdDZibkS4nR3,Looking Out for You,1,2016-01-15,['4jCIAMb0zEArF3GYEYzoDk']
5KmXBjpN0wHutYBoDJBxmM,Live at Madison Square Garden,19,2019-12-10,['7pXu47GoqSYRajmBCjxdD6']
4YLMKLoi42lAGbji4ZlMXH,The Lucky One,12,2023-08-18,['6xt9sJmmyYwWkJv8A6ssiU']
3SKVtzmihlnGFylW5nC5kj,LOUIE,17,2022-08-31,['1rHOtdmGNr5vcYNw5v7QGC']
5ZHpLNkTHkhNhuDwQbpFwY,Electric U,1,2016-06-07,['5CXdWANGwYYRPClH6hhC0P']
60aAmcYX5tw7r9ZQ1HF34q,Man It Feels Like Space Again,9,2015-01-23,['4skJp5OKvcc9eKokiuhi2s']
5js8Ri1Jy1Rm63nyEFRuh5,Closer to You,1,2023-01-20,['3lFDsTyYNPQc8WzJExnQWn']
45StnugV9WQMQwk4rRoTy8,Louder Than Bombs,24,1987,['3yY2gUcIsjMr8hjo51PoJ8']
5qfhZ5YkZ4LhEUbYgjrWt6,Get You - Single,2,2016-10-21,['20wkVLutqVOYrc0kxFs7rA']
6bgUdri7frTG9Aqo3Xusw7,SHINBANGUMI,12,2024-09-13,['4UAW69682T7N0wrABUhqx0']
7bvmGyFDwpHNRRRZJ0AHvn,Negro Swan,16,2018-08-24,['6LEeAFiJF8OuPx747e1wxR']
7q8hYYZgsIQCXibLzwiPll,RAZZMATAZZ,12,2020-10-23,['0Raaw7kr1Vzat4ZvHzjsJR']
6srokU4vNJ3tpKdGnXhQo0,Ofelia,1,2018-07-23,['27CC3tpq7WQR25M03jKTZm']
58RP9ZGsr39HptJZLaVvm4,Scissor Sisters,14,2004-02-02,['3Y10boYzeuFCJ4Qgp53w6o']
5nBi2KxnApejxYC1Eb8XNl,The Much Much How How and I,14,2018-04-06,['6hV6oxGLeLFw17DGjIPkYD']
0BFzNaeaNv4mahOzwZFGHK,Royal Blood,10,2014-08-18,['2S5hlvw4CMtMGswFtfdK15']
4wY7KZ1O3NAciyQNE93UgX,Waves,1,2020-10-09,['0G7KI9I5BApiXc5Sqpyil9']
36AWYqwFvbAbxxCFgbRfJo,Chronologic,11,2019-08-30,['37J1PlAkhRK7yrZUtqaUpQ']
7asSXczPSP1MDGaeFLkHmH,Strange Satisfaction,7,2020-03-13,['5P0unmRK5EI6psA51571i7']
0K8GfheaCeTvC2PJEVOcQl,Redukqs,15,2018-12-21,['3PTChKfG6D55ZVha09QoEa']
3YaPAvsr5jF80qG7XzOeTq,Marina,8,2019-11-08,['3rlkp5krcVyqo8kpAKcqI7']
0nAQYNAvM7T4GV8579oQ9r,My Feelings Be Peeling,9,2019-01-18,['3IuEuLez19teZSN32Pf70j']
60jUlxAOAcsiQUEW0XLroT,Bipolar,6,2019-05-31,['6FugQjLquBF4JzATRN70bR']
4CYU714yxnEXFAgTRbvx1i,Still Life - EP,6,2016-01-25,['1evO4fwLsEkkPGq32dCix7']
3qJTNgjVc6EM3yJnjFAALE,Sunflower,1,2017-03-22,['7pbDxGE6nQSZVfiFdq9lOL']
33cj3kzLqVOg9zvy69Wrc8,Djesse Vol. 3,12,2020-08-14,['0QWrMNukfcVOmgEU0FEDyD']
57Xg6JumEnG5i5MBzJVdT7,Quality Over Opinion,20,2022-10-14,['6uIst176jhzooPMetg2rtH']
7sTXxEoCHkQZMMN4JlRe2C,Sparkling Clean,1,2020-05-22,['3aia8Qn8pZXJldrYzQqOOq']
5ZDJSYqJ0IpReYT6Z82oXt,Stronger,1,2021-07-09,['43l4GGl1QwpqP7R2k43M9W']
1Qk8NpiCbHbJQmdXywo5oo,Feel.,8,2020-12-03,['7qpDEiYbQJt05vCyAbg3ru']
6dtDTbVBQ9QwsNaqEnjsOT,Luv 4 Rent,15,2022-10-28,['1ybINI1qPiFbwDXamRtwxD']
2Zkl4c8OsEeJWEKyCeKQCv,Dizzy Strange Summer,16,2020-07-17,['4FGpdN4lqGwjrFx9f2E1RI']
334n1gF4krPH9bI0RKpxma,So Cool,1,2020-05-01,['5tA28joO5iZ0eCnvyctqRH']
0S6kwHyWDsj9wPqPdgxydI,Fuckin Whatever,5,2021-06-04,['27dj7fdNHxGi0ysorNdEGe']
0LyGgFrZFXpRKpgj664Xu7,Thrill of the Arts,10,2015-10-09,['7pXu47GoqSYRajmBCjxdD6']
16JUiUeNlBM9cdIyyuN6nw,Street by Street,1,2020-04-06,['7gW0r5CkdEUMm42w9XpyZO']
1fpyVGMhF1vdl4XTFo1IH0,Shine,12,2008-03-28,['5T0MSzX9RC5NA6gAI6irSn']
1XQYd61d9bQA3ba5xUrhKB,Sea Sick,1,2019-09-05,['2jbd7OqeJJd1hz81vOXwwW']
3M31vcBrGn6gXsZycVgrzq,Spotify Live,6,2017-01-11,['65dGLGjkw3UbddUg2GKQoZ']
6moXrbUfTHYc0aJcuGwIgR,† (Anniversary Edition),18,2022-12-16,['1gR0gsQYfi6joyO1dlp76N']
4jnUtLwOTu2HlsieSg1Ho7,Da Frame 2R / Matador,2,2007-06-18,['7Ln80lUS6He07XvHI8qqHH']
55lbT7xxjAaY8nsHv9iuxd,Eye To The Ear,21,2024-04-19,['6hV6oxGLeLFw17DGjIPkYD']
5UUE9CzkwMe3bPok3xFUFN,"Technically, Probably More Of The Same, I Suppose, In Theory",12,2023-12-19,['69W52X4tUONDDDb6FmGtl6']
166m4twTzvOpUzPD2SUbwL,Neverender (Remixes),5,2024-09-27,"['1gR0gsQYfi6joyO1dlp76N', '5INjqkS1o8h1imAzPqGZBb']"
6sQH9WNLJamVgyRudQV7eA,"ENTERTAINMENT, DEATH",11,2021-04-09,['25CgccXK9hJBTuaMF44zeR']
3m0pmKEVZHRUo2AIMKau6q,Doing Really Well Thanks,1,2021-11-03,['5ahGL7pdoC2nvzna5z5Fz3']
45MaDCNUdNe2usYMK2PqgB,You Won't Believe What Happens Next!,8,2019-05-01,['4ilweWzFHh6vrr7OOuDcUh']
0UWEX5Hrmapw4CJOOeBStP,DARKER WHITE,14,2024-10-04,['1B0155rdv175D1tQ8VH7Oy']
6rIM5BWk5RR7ILEmIz24Sx,Far From Shore,11,2021-10-22,['2OfJOtcTmunKs2iIXGC9Ak']
6yvRliUS1i3Dxro7UckrHO,Hot Mess,4,2022-09-30,['21TinSsF5ytwsfdyz5VSVS']
1hTGNRifiiSbA1q223bbHi,School the Indie Rockers,13,2006-01-01,['5FNXMrUhgSTHLbzsmCfLlv']
3z5n1lZolZwYjH4Ii3m5qT,GT Ultra,8,2017-06-23,['2PlLrStX2yK6CzyRi3TKnO']
4BkYjjXz6auLFldjtNEfQv,Gotta Record Everything Good,11,2021-10-26,"['71FIBhvBrEocQMF3DKDIEI', '0A51LEnyTnXX33IyuwM0Ts', '7HifubxN0gO1nHbRIqWhrY']"
0SkwXqlaB16ENaYJaPUW7d,PUNK,10,2019-03-15,['0NZsNnETGPWLKJj2Y0vpBx']
1CqNrKEv2fhF7mudTXrydV,Lianne La Havas,11,2020-07-17,['2RP4pPHTXlQpDnO9LvR7Yt']
2oTWDmzqeri1WOvpSH5J4g,Swords,11,2019-10-25,['0gEenHtJ9puwA63nbY2TAE']
4wrT09KQQ6TV4fv3gIYqvA,Cocktail Molotov (from the series Arcane League of Legends),1,2024-11-16,"['0zCrrgklotTrkkJDNUAury', '57nPqD7z62gDdq37US9XJR', '47mIJdHORyRerp4os813jD']"
48tsd65YLu2U7wnkVlzkL2,Blue Mirror,9,2018-09-20,['5HYNPEO2NNBONQkp3Mvwvc']
6bfxrcnCcJ1C4zO859F8De,Fire On All Sides,11,2018-01-12,['5CDonRtIeV3ZYeE8nFjBUh']
6EYqRwUvWh38uIlWkugNA4,Favorite Lover,5,2012-08-28,['2DJItX4KCgzrEzCEFp9PTa']
4yOQn7oQMNzEtZDADBXtNq,Best of (Deluxe Edition),28,2023-04-11,['59xljcfdN2Z9VX2U5RFKEa']
3ZW4MZl8qQTR3TUirTZbpY,The Seven EP,7,2011-07-12,['6jlWj6y00bMQt8XoKuCjyZ']
0ThfoUI71azkp2mlZ3mAlt,The Fire,1,2016-03-18,['4YbLu4l7vHlJPD9yGjCkRu']
1epwNzmWdqkBQQZpTa8KJD,V,14,2023-03-17,['1LeVJ5GPeYDOVUjxx1y7Rp']
3thPAnMavUmX8gGyjOzYFI,la noia,1,2024-02-07,['1A6HBLulvBFzNtlMb7b08f']
0rDyiOZZPta89e0Vun2Ya6,Scorpion,1,2019-10-16,['7aRGzyzEWC50FDDzdNFMtF']
6nWNBeeFpGrFEu9CDeZJbH,Spectrum,9,2019-09-18,['7DeuppKQdCVhuWrzzCBBpc']
1MT5z1J27ERqGpyErAVeMc,LEMONS (with Cavetown),1,2020-09-09,"['6Z5uMO0V6jlOuZ7LUDrSsC', '2hR4h1Cao2ueuI7Cx9c7V8']"
69iw6Zy6fh2dSnEgBTZKJE,Arvo Pärt: Alina,5,1999-10-15,"['2P6ygesd9xg5DPOBnda2jg', '24o3OUQvNiz3IY9DQhFhnF', '5SB7fgTMdoI0NbO5uEfp9D', '7w60M7Mg34gEJvgkCJINtm', '7ku4vnPiSrXkUarPFjlzwH']"
14hhOTLyfegr6dKjfWY7XP,Venom,13,2023-10-27,['1NRudBLaT84LXxfsYdFMhB']
2J0StL6VInyddAmQvM7bRC,BEG!,1,2024-03-15,['6o2D1YBpFJDDaMwZYGyW3T']
5JTLE1I9X4HHadiRXpkYiL,Youniverse,9,2018-12-16,['5ZOKvzD4GQ7Yg2CS4CVbRb']
6r7THuWTCjqGx3GEPkPofY,Kitten On The Keys Sings Bart&Baker,14,2017-05-05,"['1SqMdUGzBNOFB8rDdtiOxN', '4wNkV2ccopdr6WCuYyr3QW']"
3zu34ZndCHIm2bST2SDM39,Summer,1,2019-07-01,['5nfGpTvDUwfZzo7IR3LF9w']
66pw6psAMn7iNtN8H6hDSq,Post Modern Rhapsody,1,2019-08-22,['1NRudBLaT84LXxfsYdFMhB']
6gnNCtxxhwKTYGIDVqeMUd,Bismillah,10,2019-06-07,['41Nu7NgAj9rJxjj7JDuXrV']
7DGJptjoOPBXYYym7s9j7x,making it!,10,2022-09-02,['1ZcnsSFqWusWlRK01vKE6b']
7o5y1ttfkpL6zf6P2uCYPQ,Louis Cole and Genevieve Artadi,11,2010-10-01,['7fVp0A6oCMfiQJihMnY0SZ']
0s4MqsG2KEwWeYIL0CnhbG,Fall,1,2022-12-14,['0BXnfQpsxFevtKePq6eX4y']
41U6Qbx5KxhHYIuwlK3lXA,O My Heart,12,2008-09-23,['0e86yPdC41PGRkLp2Q1Bph']
5xyxuwmqYBy2a2tM4AOLhJ,Little Blue – Mahogany Session,1,2023-10-05,"['0QWrMNukfcVOmgEU0FEDyD', '4Kp21tQEUB0PHgNV3B86ah']"
1RzY5TbPOlmkqAHNbRjQ7q,Weather,2,2019-06-05,['4UAW69682T7N0wrABUhqx0']
2KtwoGbC1ctA9eO9XKvg8u,Case for You,1,2018-10-12,['5Vd6nIpBPLzJDQDcvILQu4']
45WeVaKTDU6Bs9bTr6WcSr,Capillary,1,2019-04-17,['2bPgXWPfsRSVwpc0SAdgpu']
3jiQ0Gld0kKG9lIn7CK7Fz,The Jellyfish Song,1,2019-11-06,['0zySf6MZDNGa0gsCx3lJgw']
27ba8fckG1oJ4DzPZO80Ey,House Creature,8,2019-06-28,['5BHV73RQsL8zucEcnzs8IE']
2j3dOwGI3gKXUQhH2PpQTe,Bite the Bit,1,2019-10-11,['5upYtByo4cynxSzLNzULQf']
06oKVnKIvv9WqDDLntpsOV,Day Off,1,2019-05-31,['7riIDkMpiCIuZUbLaScpQq']
3nIDxmxWDPzCjlR2Y4Lq9G,Rikki,11,2020-10-23,['4UAW69682T7N0wrABUhqx0']
5jykWNxw7G8cjXnPwTIQtP,Marigolds,1,2020-03-17,['5Vd6nIpBPLzJDQDcvILQu4']
4yP2Ecu5mCUIY67MEGPJn4,Love Songs for No One,8,2019-05-10,['05bnFEwruBiBgJH8uW4vo6']
3rDZy3Mdl38XtftACWXL5c,Pool,1,2022-03-17,"['4iMO20EPodreIaEl8qW66y', '0NB5HROxc8dDBXpkIi1v3d']"
0H2zjZFLXSm5L2mNXUnC26,HEATWAVE,10,2018-09-04,['4yYvor6Rq4fG82J1L47DYp']
1i9QzJg91nmz4teFVpcWJy,B4,1,2019-11-20,['4UAW69682T7N0wrABUhqx0']
2GEQasTvUozkWlXX396txM,Sunday Roost,6,2020-07-03,['6IJ1LHh1lwcxFEoiFViuxV']
6Dms2f0cxv9GB5qh2q607A,C'est la Vie,11,2020-03-23,['7kAZYW5e5hQHYGQ0XHYhns']
0RWpUiCfZ6NPPKxRhKK7Ge,Juban District,1,2021-07-21,['4UAW69682T7N0wrABUhqx0']
4uaXMxF3a3RrGiEXIWrBjX,HAVE A SNACK,5,2018-08-17,['7riIDkMpiCIuZUbLaScpQq']
7bdEP7J8ePNrO9tdENVJIZ,The Story Of Hugo,6,2021-07-14,['25pd339V2rRJo84USlcSRP']
31O79RhbbS14cUZlLdTDzo,Late to the Party,10,2021-03-26,['05bnFEwruBiBgJH8uW4vo6']
0DNz0XsG6B1Vz1CcbuIsov,AFTER DINNER WE TALK DREAMS,14,2022-03-04,['4yYvor6Rq4fG82J1L47DYp']
1NDsNOHUuoVEHUdPIYf46e,Mahjong Room,10,2018-06-29,['4UAW69682T7N0wrABUhqx0']
74i0Ly2FBl4lIduvZ1RMtu,Minialbum,8,2019-09-18,['4NNslFqwFLMsVfeAWfGryM']
3w5PWzbOdhuHd2oTynfBJw,Invitation to Her's,11,2018-08-24,['77mJc3M7ZT5oOVM7gNdXim']
1w0j1VEeFATnYcF9Vvh9UQ,Look Alive!,11,2022-02-25,['5Vd6nIpBPLzJDQDcvILQu4']
0DZlZyJFLtBjT0jQVtcmnR,Booyah,10,2019-12-17,['0ypSujQpBRgRAeOS7YzhnP']
7w2WNWYJs00f05Dt1QwEJp,SEWERSTAR,7,2023-09-07,['0zCrrgklotTrkkJDNUAury']
5FvgyNA2Bt91tlRCrX7UvI,PLAYBOi,1,2024-06-07,"['6o2D1YBpFJDDaMwZYGyW3T', '0hrMKLqgNEIemiF4Ag8dTI']"
0Ua6tFWJEJUExufIMSfJmj,Your Patron Saints / PYRO PYRO,2,2021-06-11,['1NRudBLaT84LXxfsYdFMhB']
4N8vRR39A9ttCbAVW5Gztx,Spit.,1,2020-06-05,['1NRudBLaT84LXxfsYdFMhB']
06p7KNMP9DaSOQgJKtbItt,Egregore,1,2023-04-21,['6g3orasGcMPn0gwcE3JMAC']
6uaVMHKaeF1vHiNfaNAEQR,SERPENTINE,1,2024-10-11,['6o2D1YBpFJDDaMwZYGyW3T']
6j7try3OyUBLLNd0PfvWXU,Over The Threshold,8,2023-12-01,['02nZLQtQ4vL5iHyp6atBrh']
1U8ck3ysyU4iwNaagT7MCJ,Behind Closed Doors,1,2021-12-01,['3X8VK5wNpLQCVEo4sWBH2A']
4DFVyeCnVGzdm5Cw2lcLPs,Under The Skin,1,2024-04-18,['02nZLQtQ4vL5iHyp6atBrh']
5SE3lKypXDVn9ElCf0o7Sx,Stop The Party,1,2023-02-28,['4zoN3D2RviWzWeHvkT3wWO']
1ZR2wheKOl3LfjIMeldl7E,WOT?,1,2023-10-25,['3FobDbMc9jNxkZ8GCc685W']
1N646AK5vZk1S19hdaUJrm,Die for Me!,6,2023-10-13,['6o2D1YBpFJDDaMwZYGyW3T']
4gWIUpiF5BG22gpYGRuDGK,Post-Genesis,6,2023-10-27,['4zoN3D2RviWzWeHvkT3wWO']
49gnJfMCTEctGmp4B6AeU5,PROCESS,1,2024-09-20,['3FobDbMc9jNxkZ8GCc685W']
0AGZmPToQJuD4DTh6bFGQ2,EXPLICIT: The MiXXXtape,7,2022-09-09,['1NRudBLaT84LXxfsYdFMhB']
7kJQwKshJqbovj4pItkNYT,Rage All Over,1,2020-11-13,['1NRudBLaT84LXxfsYdFMhB']
2IVSeEXkFvcExsrr8uL6OB,Spoiler (Recoil) - Underground Remixes,6,2021-02-01,['6DFJfhZxwWe1yKQvRDJmdl']
7FYAHQXSCN80hqBZXUvKwj,"High Visceral, Pt. 2",10,2017-04-14,['7GRrLcUxwtQLvOpO7OHO80']
385TEg660nr7p0yNkLwE86,Magic Square,1,2022-05-13,['4zoN3D2RviWzWeHvkT3wWO']
3uyuxQdmh6N956P7RcOOIG,As Blue as Indigo,10,2021-06-18,['6ekYAO2D1JkI58CF4uRRqw']
2VuZJsJBPLwg9BeQFQle8G,Social Cues,13,2019-04-19,['26T3LtbuGT1Fu9m0eRq5X3']
1x4UFeq7sIZohSXgitqWXp,925,13,2020-03-27,['5eUda4BaWhUQWWJiP1ml5v']
2WN5clp6U1fIqu5HMNsg35,Cyclone Trips,3,2018-10-15,['0mnruuV4CcKu7Ux7kBZ5sa']
4jUjFiQN6BQHqqDNfCDe7U,Blind,10,2002-07-01,['2sxT2y6JIjVpyXBMQzcPG3']
61gvdyrZybWdOsDBzSMdrj,And Now For The Whatchamacallit,10,2019-05-31,['7GRrLcUxwtQLvOpO7OHO80']
5c4Ry6DIgCzKnQiJm3RbII,gwen,1,2022-11-11,['2VnYxiqJFYjBlP3RWRr9Fy']
4Wv5cp4Y9zk9ebuXOIGcpe,Abstract Figures in the Dark,12,2016-11-11,['6ekYAO2D1JkI58CF4uRRqw']
7G0Cder7CLeokx3ZomvP82,Dream Soda,12,2015-10-02,['6FKokxvL5PCWIxrVhMyDgI']
0104yYvLVYm2mVaUVtWuVW,Nevermind the Living Dead,13,2006-11-06,['5sTzirFL1wjNa3GuSiUHsy']
4tUxQkrduOE8sfgwJ5BI2F,Gorillaz,17,2001-03-26,['3AA28KZvwAUcZuOKwyblJQ']
2fsuwVXuxg6psijDhlSbzt,Fronzoli,10,2023-11-10,['7GRrLcUxwtQLvOpO7OHO80']
6OKx3Z8bbzmVSS87KYDjKq,Viva el Camino,10,2020-12-05,['4Rm35HlFV6IwL3e5w6zDx3']
2BlcdDBE62JOtVOgC3L3xo,"High Visceral, Pt. 1",10,2016-03-19,['7GRrLcUxwtQLvOpO7OHO80']
2ZRUCUx9ZFhwbXqyMeoR6y,The Perfume of Decay,12,2023-06-02,['6ekYAO2D1JkI58CF4uRRqw']
5zBQc6QgD0o0ss1JdIjSFB,nothing special,1,2023-01-06,['2VnYxiqJFYjBlP3RWRr9Fy']
6tG8sCK4htJOLjlWwb7gZB,This Is Why,10,2023-02-10,['74XFHRwlV6OrjEM0A2NCMF']
7ha1xzp6jNQXvMSK12edGw,A Dense Swarm of Ancient Stars,18,2009-03-16,['1CcPlAmcnJjC4FnaPVzv2v']
612gMZhBmHiDyWwA5phdZl,Funeral Soundtrack #4,11,2024-08-09,['7KeN0XX71T4fGysIYLB5J5']
69BagWbfHgbO9uxjfVYcux,Black Sheep,1,2010-08-10,['1rCIEwPp5OnXW0ornlSsRl']
04q0xbiK6k25UHW4yMbn9p,Bad Nerves,12,2020-11-20,['7IPyXY4ZHkuvQY1ny8TnMQ']
2blU9aP2C1z1jPBnTLHJ9p,I Can Fool Anybody in This Town,6,2019-03-08,['2asx6eXv9qzj5rA0ESrdO3']
1vF5y6BC66nKozxg0Dsvvo,The Malady Of Elegance,15,2008-09-05,['0R5BzePlbvG8xTXw0QF3uw']
2XNx2Swblv7qNIBJjnlvLx,Work That,1,2022-11-09,['2gW0M5fn2r7Lo4Hn1r8HZ5']
6LboKrPXTwGoeUW9FdvRCp,The 2020 Album,11,2020-12-18,['2byXGURM0QAhEgdMIWGM5c']
54lNPJ6xq2QXwG6jLEIf6C,Vibes,6,2016,['0U7iI0Dk4Ojvi17nZboNO4']
3HCCUaRSjHSFOe4fqE0BiP,Significant Other,16,1999,['165ZgPlLkK7bf5bDoFc6Sb']
2Eq6RyxCm7qEAF2YLOxa4s,Absolution,15,2003-09-15,['12Chz98pHFMPJEknJQMWvI']
7o4UsmV37Sg5It2Eb7vHzu,Around the Fur,10,1997-10-27,['6Ghvu1VvMGScGpOUJBAHNH']
0iv5fjooZ7WR2FvmxKwDER,softCORE,12,2022-11-18,['6trIghKwHRUyxwvm66HLHH']
4QcHsIfSbjgNzZmxqfRP7N,Naked All the Time,8,2015-07-24,['4AGNJdJiVltImYk1UTLE0K']
24nqMCIROq1MULNqjzeglz,Voyeur,11,2012-07-10,['1dWEYMPtNmvSVaDNLgB6NV']
2UCWsnmZEVg9HhnMeKTsim,"All Killer, No Filler",13,2001-01-01,['0qT79UgT5tY4yudH9VfsdT']
58wdGQU1dFL9gzRqG08Isw,Night Gnomes,11,2022-04-22,['7GRrLcUxwtQLvOpO7OHO80']
0QdvvB7xexqDvncr2MDQ3G,Out Of The Blue,10,2019-10-11,['0rbDnVqVc7mv9A6MNyu4lD']
1OayjjI9jcTkZuliqxYpzJ,Tainted Lunch,12,2019-11-01,['1CWwXncu9sk7EIdbvqcquR']
5M9SijJoRgczSknq2LaHJN,Schlagenheim,9,2019-06-21,['7Hvq85OU8T7Hsd63zNBwaL']
0cTOvcvrbNiaiv4WXEUHzT,Billy Talent II,14,2006-06-23,['08yf5A2nS4XEeNvabDXqyg']
4x833aD0AmISeZZE2lx3Hn,Everything is a Lot,13,2015-05-20,['13pwqHspIhcy1IcAooefso']
2GHg3W7QS0Dr9epJ4S8nIR,Antisocial Butterfly,11,2017-04-21,['5EMQXaDvnX8SfzmEds9U3u']
7avNT7QnpWXl1Khqnsguaw,Costello Music,13,2006-01-01,['3M4ThdJR28z9eSMcQHAZ5G']
5pQ2dhsDuretg9pTPMrPdX,Nothing Without You,1,2022-07-15,['7ysa24HVkhXpjm5NpwnziR']
6kNCgRGfMzTSm26IUaEr9J,(re)constructed,9,2021-07-30,['3hg0uAz0P2tHrvqqHU4zzh']
3fhc4PW1rEMDUEr3aIoIDU,Clean Slated State,1,2018-04-16,['6LipWEhF4zwwRY8hFtCQHc']
6muDFrXDsitHPkwyZXS6Xu,God Complex (Mojo),1,2021-10-01,['0H44O4IYqpTOGx4c5nV37f']
4ebodSLpRqbuQjpGlDZglH,Appeal To Reason,14,2008-01-01,['6Wr3hh341P84m3EI8qdn9O']
2XS5McKf3zdJWpcZ4OkZPZ,"10,000 gecs",10,2023-03-17,['6PfSUFtkMVoDkx4MQkzOi3']
04HDQXWM9WE4jOXE9RUX4N,Seeking Arrangement,1,2018-07-13,['3oSKgWx1dqjhidhnhpGbfJ']
5TJLgvyrtDHPTUESHTbspD,Overcast,10,2022-08-16,['28uoxZaXCXirkQDIZFaVbJ']
20O6GKv8VfyvL4Gy0TAJs7,Ultra Mono,12,2020-09-25,['75mafsNqNE1WSEVxIKuY5C']
0BHa0ePkvGAVKymB4FU58m,Infest,13,2001-04-25,['4RddZ3iHvSpGV4dvATac9X']
2RNTBrSO8U8XjjEj9RVvZ5,Americana,14,1998-11-16,['5LfGQac0EIXyAN8aUwmNAQ']
5RYERnHNeUJgxLROh1qkbF,Adult Summers,5,2015,['3EYgeLZ0vtVHKkUL26Eu49']
4I8BEAiq1kPqRRlvWLTo5B,I Need to Start a Garden,8,2018-03-02,['73MDShZzdL4vUGMkmXOG6X']
295qW3R6DSM1WfePwUpgux,recently,5,2019-04-10,['5zVu34ozw0BzXIcNHqkO0u']
5YuZ4DjvtZBywtIbHIqtGJ,13,13,1999,['7MhMgCo0Bl0Kukl93PZbYS']
2cWXWYA0G1iCMYPue0unqm,The Moon Song,1,2017-11-06,"['35l9BRT7MXmM8bv2WDQiyB', '6deCiWT7ATcDWP2Cvlalvn']"
7ejB3MHdDNcY3GzRsQRAHs,Teen Dream,10,2010-01-25,['56ZTgzPBDge0OvCGgMO3OY']
6Jx4cGhWHewTcfKDJKguBQ,Angles,10,2011-03-21,['0epOFNiUfyON9EYx7Tpr6V']
0gkUcpkyW2SXN49Yktkf6F,The Suburbs (Deluxe),18,2010-07-01,['3kjuyTCjPG1WMFCiyc5IuB']
0DQyTVcDhK9wm0f6RaErWO,Doolittle,15,1989-04-17,['6zvul52xwTWzilBZl6BUbT']
1gsoIHeBan6QywhysNgApK,Our Love To Admire,12,2007-07-10,['3WaJSfKnzc65VDgmj2zU8B']
0nSzBICzQHea8grwfqa5Gb,The Magic Whip,12,2015-04-20,['7MhMgCo0Bl0Kukl93PZbYS']
0nW0w37lrQ87k7PLZvC4qJ,Tell Me I'm Pretty,10,2015-12-18,['26T3LtbuGT1Fu9m0eRq5X3']
6ppF24fU5pqbPrPuK5zVnS,Tonight,12,2009-01-27,['0XNa1vTidXlvJ2gHSsRi4A']
4WnkQO4xD9ljQooB3VIxCV,Comedown Machine,11,2013-03-25,['0epOFNiUfyON9EYx7Tpr6V']
4I7uuSfSkHKJjrr1vpu4mi,Portamento,12,2011-01-01,['0p5axeJsbtTCXBrRVoKjwu']
3DuiGV3J09SUhvp8gqNx8h,Three Cheers for Sweet Revenge,13,2004-06-08,['7FBcuc1gsnv6Y1nwFtNRCb']
2IuiJKaCJHnXRM1SjQxcHT,1,7,2016-03-16,['4GgYMBRSU2nkvHE2MtdiEu']
54OEGwxs1fg1fEEuzLPKsN,Gloves Off,1,2024-12-18,"['6pGuw52TrX5SZPdQSxAvgW', '1pQ0Axx7UF8LDDOqSgdVmK']"
5cDmhZrR4QJCYxE0W5GvOm,What Makes You Tick?,11,2023-02-24,['2xCCFcGLx1oUlS1AMtfBo9']
4Io5vWtmV1rFj4yirKb4y4,Rage Against The Machine - XX (20th Anniversary Special Edition),25,1992,['2d0hyoQ5ynDBnkvAbJKORj']
0fkcR5rfx1FGrcAV9I6Wtd,The Burbs,1,2019-07-23,['6Fnr4z4XxrLyioZquy1WhO']
4N8kteJsaz2y28M73Ev4uf,Berkeley's On Fire,10,2019-02-15,['7dLkuQHF2ijbK6jiLFyIWM']
1PQDjdBpHPikAodJqjzm6a,The Money Store,13,2012-04-23,['5RADpgYLOuS2ZxDq7ggYYH']
7v6FNgLDS8KmaWA1amUtqe,Tranquility Base Hotel & Casino,11,2018-05-10,['7Ln80lUS6He07XvHI8qqHH']
4KsCgFmrZ6ucZNEWERjJ6w,Ain't No Thief,1,2022-04-20,['2nAKP6etu8wXNnezKXgqgg']
7otPYa5dSxdo2WLgQKnaM7,We Need Medicine,11,2013-10-07,['3M4ThdJR28z9eSMcQHAZ5G']
3s1kUec5fROuycI9jP0duk,Sanctuary,10,2018-09-07,['2I3Pl8SPFNNQMRTEYCLVwZ']
0OqKgB8bBBq5vORyzkk0ru,DigitalLung.EXE,1,2021-03-08,['73XtH9MpvvvcUxQxYEAX15']
6iVOwFVjFRoQPgj8GUwSsi,Renegades,12,2000-12-05,['2d0hyoQ5ynDBnkvAbJKORj']
6RbjVCyaSSRM7RIjRnKOR9,Too,12,2015-09-04,['3P6duIn7oHeiBACZfYeNud']
6NGllD2z5m0NreTqFn7r7g,Smoked,5,2021-10-22,['4SX1RwkM82CQll2eoV9HaP']
5mi7FKaWE5CtcOjdyxScA7,Chocolate Starfish And The Hot Dog Flavored Water,15,2000-10-17,['165ZgPlLkK7bf5bDoFc6Sb']
652N05EcNH1a4bIlUixQE2,Enema Of The State,12,1999-06-01,['6FBDaR13swtiWwGhX1WQsP']
4TtzUdu7yLu0gWH7Nmoo9u,Huli Ka,7,2017-07-26,['1wMNhhG8VUhDGZ249MZBtn']
55RhFRyQFihIyGf61MgcfV,Mellon Collie And The Infinite Sadness (Deluxe Edition),92,1995,['40Yq4vzPs9VNUrIBG5Jr2i']
0lw68yx3MhKflWFqCsGkIs,Black Holes and Revelations,12,2006-06-19,['12Chz98pHFMPJEknJQMWvI']
4gX4fRhNwcocF3EnwwNUkX,The Great Pretenders,11,2015-03-23,['07xbJ7SM1JopFtI1qXvSww']
3DiHrdZ5z0AqW6JTpLAKxG,Fugue State,6,2014-08-26,['7pXu47GoqSYRajmBCjxdD6']
4QDHK085r08dWT1GvXmR6F,Street Worms,9,2018-09-28,['2nAKP6etu8wXNnezKXgqgg']
3OqRGywivnQ0IeClUeUa4n,Submarine - Original Songs From The Film By Alex Turner,6,2011-03-14,['1ctkBmvz80MGyi72Ix055S']
259uM0VnKs9jIxu22Cwjx8,Get Into The Groove,1,2022-08-26,['7FZ7QjjU3oULdlzZr6GJCw']
0Hg2CiODOdoqJQpDdvwQzP,Windowsill,13,2017-09-15,['1bHp6iVI7Jit4RCKtic0YO']
1SQjs5LxCj7J5WIZYg3h1D,Future Present Past,4,2016-06-03,['0epOFNiUfyON9EYx7Tpr6V']
0w6knr7boQarN35qErXXeu,A Song For Paul,15,2019-08-23,['5gZWu16OAMVGmfLFNj0NCT']
66lLDYWrrbm8tsrBGNYC5E,My First Car,6,2013-12-06,['7pXu47GoqSYRajmBCjxdD6']
7GGYdBte34n3jsPVcuRkXG,Space Train,1,2021-06-25,['5wj6rtWtoMYXEppT7Hq07V']
4tuqA7qbVsPukqsYPPrcF7,Omnium Gatherum,16,2022-04-22,['6XYvaoDGE0VmRt83Jss9Sn']
5FPimyiGTHOTXXiabVXWUL,Psych Aux Tropiques,8,2019-09-06,['6e3939Z4hNCDfAqYK6pYM2']
1rcWACd0FWPT1qykV8ABMn,TUBES,10,2021-06-11,['1bHp6iVI7Jit4RCKtic0YO']
7oDPtWljcC8KJFP1pgrHWO,Telepathic Humans,6,2017-07-28,['1kuG2YsgbrJJ7rgGym6xFY']
7l27BPNFkyQPviBx05Nbce,Invisible,1,2020-11-01,['3IuEuLez19teZSN32Pf70j']
0cBuzW4OjcpzL8oyKuPLvJ,Minds of Our Own,6,2015-02-07,['0SVxQVCnJn1BNUMY9ZcRO4']
3IOq7Wxdsy7YfT22zMPlmX,Mit Peck,6,2012-02-02,['7pXu47GoqSYRajmBCjxdD6']
0ZdTIECeIAksKmdSCJaQRC,Squire For Hire,12,2003-01-01,['0nswuaAPTwnY9EBFPExHYy']
7sRNEe2FCkTYhrEimChdkC,The Beautiful Game,10,2016-10-17,['7pXu47GoqSYRajmBCjxdD6']
4POiurFeB5bDsF9yBwOxbh,Some,1,2016-10-31,['57vWImR43h4CaDao012Ofp']
01vJILu1nYj93pSPcP5IUQ,April,3,2019-09-27,['4ub2v80S4RIceZRGnlhjTr']
74H9AkTLaEp1YsSlXqsXDN,The Celestial Suite,10,2021-10-22,['7H3z77VbkJcCcFilmKqKNM']
1Ckbuzoh1dYKFnpNYmVEof,A Collection of Fleeting Moments and Daydreams,10,2020-01-06,['2efrqekWSHlvhATD50AG3m']
661Hz0qJK8WIp7vAWsqKvk,Collide With The Sky,12,2012-07-17,['4iJLPqClelZOBCBifm8Fzv']
61O358weV4lViJuNItk4cT,Asylum,1,2021-09-21,['17pZeX1Vy9hugVufmKFbCQ']
456WeVeZk38VJuqg2sL7QG,Mood Valiant,12,2021-06-25,['43JlwunhXm1oqdKyOa2Z9Y']
3Ks0eeH0GWpY4AU20D5HPD,Gemini Rights,10,2022-07-15,['57vWImR43h4CaDao012Ofp']
4bfZJObSINfpyuED5Apz3M,Hate Me,2,2023-04-07,['7yNndyXadKRvmkmK1reF3F']
7xfHQeSh7yBMq2y1Z0Fi1n,Lands of Delight,7,2019-11-15,['6OLvF6GmX0tMBJJDoeM9Hh']
6YVSzU89AisNDfVK4HUt69,The Dethalbum,15,2007-06-25,['7u12AuhJ5AaJIgZAZe0US8']
33QDA3HhsTPmeCwR5Mk9gx,I Think I Left the Stove On,1,2022-07-14,['35WVTyRnKAoaGExqgktVyb']
0AvFF0HlQYvYKHaRURGZBs,From Mars to Sirius,12,2005-09-07,['0GDGKpJFhVpcjIGF8N6Ewt']
5FQBLF4oSkXyCNfaWcGXhi,Slut Money,1,2020-09-17,['0zCrrgklotTrkkJDNUAury']
6WvjCUGtv2HTtBRfVqVEyq,Mirror's Edge,6,2024-04-12,['3qyg72RGnGdF521zMU02u9']
0rjW3BdMJdjfKhDVKLkJjt,Everything’s Beautiful,2,2024-01-23,['43JlwunhXm1oqdKyOa2Z9Y']
2x6LWti2bjYS6AllSomoV7,Arcane League of Legends: Season 2 (Soundtrack from the Animated Series),22,2024-11-23,"['57nPqD7z62gDdq37US9XJR', '47mIJdHORyRerp4os813jD']"
2ygXPIqdYAq3qiTHjkPH0a,GREENZONE 108,10,2022-09-09,['5z9wLR0RGBcWMXr4fCZW0K']
0e1WaSNDZnoPixaxDNdWo4,POST HUMAN: SURVIVAL HORROR,9,2020-10-30,['1Ffb6ejR6Fe5IamqA5oRUF']
57Gap1bLf80bG8yfhyBjzD,UGLY DEATH NO REDEMPTION ANGEL CURSE I LOVE YOU,11,2022-05-23,['1x1MfkVjf8yEzwKhAYZtPY']
1JYAxspYlODs9LjYO8Okut,Kool-Aid,1,2024-01-05,['1Ffb6ejR6Fe5IamqA5oRUF']
442FhdhFIz9jvEhl3ShfZD,No Way Out,1,2023-03-31,['4juvzVAyR0hOSQ7YfVMijK']
2sOz8TblxFiIaEdncXU89f,Book Of The Dead On Sale,1,2017-05-16,['5x3hUNIfDPxP1Kr0ZaGs64']
5t9FMUSLvEttWxyId9NnFT,Kyiv,1,2022-03-28,['14YzutUdMwS9yTnI0IFBaD']
1l5aapsTGaOJs9Pcilynpg,Zirconium Meconium,13,2015-09-25,['02Bl8I5jXlMRfDSL5swBOm']
4aN2EaQB4G7z6BqcEClnMd,Renaissance,13,2020-04-08,['1fd3fmwlhrDl2U5wbbPQYN']
6NLWgp3R9U9v8KMueE6i9C,Blood,13,2019-04-19,['0fEfMW5bypHZ0A8eLnhwj5']
3TcTYKnIY4ec7ygleWqlYL,Imperfector,6,2020-12-16,['1eMeb0IrAFbWw4BeQ8VXDI']
0qWcLfCZ8wtcoOdX14oGNI,Stranger in the Alps,11,2017-09-22,['1r1uxoy19fzMxunt3ONAkG']
1rw1hpm0jSriJVVCyf6Da6,PAINLESS,12,2022-03-04,['09kXLeOXRyfNQMXRaDO4qA']
6xduu32sm4aidoLhaxYkUA,Being So Normal,9,2018-06-28,['6fC2AcsQtd9h4BWELbbire']
39O5Qp8wG4P32ebUqqLGv7,Rachmaninoff plays Rachmaninoff - The Ampico Piano Recordings,18,1979-01-01,['0Kekt6CKSo0m5mivKcoH51']
7adFlPgcQWFfPHcgNgZhUI,Hard Times / Bad Trips,11,2022-01-02,['5J3QKfJDFyjR3Q2qRcRaIU']
1boMSpoKkFe901QZaU7Gb3,II (10 Year Anniversary Edition),17,2023-03-16,['1LeVJ5GPeYDOVUjxx1y7Rp']
5F3jI2TClJuyIAUcbgf4Ps,Filoxiny,8,2018-11-23,['1itM5tXaK5THggpXA7ovAe']
4NNq2vwTapv4fSJcrZbPH7,This Old Dog,13,2017-05-05,['3Sz7ZnJQBIHsXLUSo0OQtM']
7DxmOS2dKJgTfLLRNOP4ch,Tourist History,10,2010-02-17,['536BYVgOnRky0xjsPT96zl']
3KpFXHl7zzp0Cjvww3AUFs,Shawcross,7,2014-11-14,['2kMzxA8edU05hvMFU493zJ']
3nR8btC3svZmUktrXDBuRY,6 Feet Beneath the Moon,14,2013-08-24,['4wyNyxs74Ux8UIDopNjIai']
1vYB8mYSGiKxE5C2RGjfDP,Untourable Album,15,2021-08-25,['3zmfs9cQwzJl575W1ZYXeT']
4wtZQMNTC1O79kDxMBsEan,Cracker Island,10,2023-02-24,['3AA28KZvwAUcZuOKwyblJQ']
32ium7Cxb1Xwp2MLzH2459,Sling,12,2021-07-16,['3l0CmX0FuQjFxr8SK7Vqag']
2ljZoj8pjImMAznXAkeJne,Taking My Time to Be,6,2019-09-27,['1AbJ2cmwK400LSvdvBL5Jc']
64SX9Efb2JGW3rJFE1ZddJ,Model,12,2024-05-24,['0NIPkIjTV8mB795yEIiPYL']
3TSMSh5dai7WEnEGOoMXBZ,When We Were Friends,9,2019-01-27,['6p2HnfM955TI1bX34dkLnI']
3HA1Ru1gEAgaxTywkJmBOL,Congratulations,9,2010-04-09,['0SwO7SWeDHJijQ3XNS7xEE']
4yxCgggQz3WMhbDJnfq77p,ICARUS,17,2021-11-26,['1evO4fwLsEkkPGq32dCix7']
3urTyQXxwNAcuNmQa5Xho3,Wherever I Go (feat. Lawrence & Michael McDonald),1,2023-10-27,"['0QWrMNukfcVOmgEU0FEDyD', '5rwUYLyUq8gBsVaOUcUxpE', '24hJWbo98sH84tb0nkeaqy']"
127WZmGnH2ui60lIJVSEZi,Yam Yam,1,2017-05-12,['32zeX1IoVKAGWMyy1isKUq']
6JXUkmz9jngWiNMBn8QoIc,"Jackson Lundy Presents ""Loverboy"" and ""Me & You""",2,2020-05-28,['4OJCbpgLBwFKH3kvlvylUn']
600BVck2XflTAsEo0KhIfm,Bloom,10,2012-05-14,['56ZTgzPBDge0OvCGgMO3OY']
4LM0yqf8JFZM0znpmZ3N2x,Beacon,8,2010-05-01,['7gRH7pJQJaAvrwvi8STYEl']
1IOyct7shyBK5fwXUajCIr,Bless You,13,2021-09-17,['6lOCVUQbb9wzuZQbZQV9zn']
5FTrv0ut24vm76hx1WuWSN,Eddie,12,2020-08-14,['4XMc1qHObZ7aXQrH5MmbjK']
3nNkuhA9qqUQ6U0FoFlB5w,Four Freshmen & 52 Tracks,52,2012-08-22,['7eAF64ZiDwK2rDPSrr97D9']
4xtYaryhkNxvzhBWzROlCv,Live Sesh and Xtra Songs,9,2019-04-05,['6uIst176jhzooPMetg2rtH']
1qanV3YgwzGcpQxAfAaTrZ,STEPMOM,1,2022-07-29,['76y8Or7IQGZcKZZ4B8ypw0']
0A8cq3cjiMMP8lI1SeG4GN,The Optimist,7,2018-08-17,['6xt9sJmmyYwWkJv8A6ssiU']
5rqbjoIOBea2Zca2UcZs0j,Kiwi (feat. Juice),2,2022-01-28,['0mnruuV4CcKu7Ux7kBZ5sa']
4NOCSGPCk0qUHadIR7unkf,Foreverland,12,2024-01-19,['4JG781pl96pL2h0AoERgOA']
514hn6DDDZx30NB3Ueq2K8,Sour Candy,1,2017-05-13,['0G7KI9I5BApiXc5Sqpyil9']
3OPE2L2uPwzQlmmndQHLxb,Shine,1,2020-07-17,['3ETLPQkcEd7z4k3IbZmXMq']
5Blcv1aeBSSVLkOcpR280c,Morning Matters,5,2020-03-27,['2datC2OML2YxykP6vnDRmg']
44TnNITjFtCFKCWXu5nD64,Adrian Younge Presents: Angela Muñoz,18,2020-06-26,"['0LYpHdjPJEKhjh3euGHngh', '4aMeIY7MkJoZg7O91cmDDd']"
3QIrrLWq2wnMdScMx1YXeS,A Sky Without Stars,10,2022-09-16,['0PgYKqH7ohfAm9LFgWjpl8']
4b6uW0x09FkRSqadcioB1u,Needle Paw,13,2017-10-20,['5X0dCi2aVnYEV27S8wgQdF']
7nfYrtccdjFCc6JHVOvtGd,Absence,1,2022-08-12,['22y08IZx7u6SWpsfap1Cub']
2TN3NIEBmAOGWmvP96DFs5,Marvin's Marvelous Mechanical Museum,17,2005-10-24,['7lqaPghwYv2mE9baz5XQmL']
3MsVFdknU6YMOcwo21SrIK,Oxenfree,21,2017-03-13,['7vkhg0Rav27QjDgKgHTOSH']
5SgHbxeN3aPBeLfFXOqnxj,SHALLOW (PPL SWIM IN SHALLOW WATER),1,2020-05-29,['4EnymklUyqZwvmHQGlRssl']
27UVPGKePLLUlHX7xDQb7m,The King,5,2021-06-04,['34A8vV1MCxGpA14KspqQuC']
5OsVZP1NxS3JaYgmGDFnfH,Desilusión,4,2022-11-02,['26l7d6CNDqVJKOepWtK3Bl']
5IPitUyJSjHfVlxF2QyKYq,Sous la glace / Sota el gel,10,2024-03-22,['1NvSNQaybQB7W6AfbhPvwy']
6hMR006RO5sOuA9Vgs4v9L,Agony,9,2022-09-10,['2HpfqDQ8DBQlnrbAsdIh7s']
6arnMCFBGG5Y6SyN7Unm7P,Song of the Cedars,1,2024-10-29,"['7q7rbnculir9jJ2B6QhUKd', '6hV6oxGLeLFw17DGjIPkYD', '6eSSupNppWCXlfiBN1uIsq']"
0JoR6QgOBiCx6QHxSuIoyQ,Pelicans We,4,2015-04-06,['6hV6oxGLeLFw17DGjIPkYD']
4jqLvv478UJL9fOvLFQfTj,Des de la cuina,12,2023-02-01,['4Wwktb7LI1OtXAWRO6Hln4']
1Fh5Y8ldo4PIW8Ija51BRK,Blood,10,2015-07-31,['2RP4pPHTXlQpDnO9LvR7Yt']
0uJRPvtoXw3k9377EVqShK,GLOOM DIVISION,12,2024-02-23,['0Raaw7kr1Vzat4ZvHzjsJR']
4zfXvbTiPAfmHt56Q3tQEc,Three Second Memory (Deluxe),20,2013-10-15,['0uRdK8gy7fXJGRywrlmPM7']
4sD1qg4jwTZR4mvR4Iflk5,Strange Trails,14,2015-04-06,['6ltzsmQQbmdoHHbLZ4ZN25']
6zpKJ0jCROglQiV9ir7pcr,just friends,23,2018-07-17,['5XE0fiZWGbq9TcSuWwJ1fA']
57vS1wNdCtLCkaNzxP1uCZ,catbeats,10,2018-11-09,['5nWedB4cVlVsLqAqjyuI4W']
249ymAktXFSKOCAe1IRy5i,PIRILAMPO,4,2021-08-20,"['5932gYdqLCu1ftKVXf1PO4', '3NP4jJcW3R6qO6rbtnH0wn']"
0JGOiO34nwfUdDrD612dOp,Happier Than Ever,16,2021-07-30,['6qqNVTkY8uBg9cP3Jd7DAH']
0DGVDqsHo3NiZk59BnkMMz,Yes! Come Parade With Us,7,2019-04-19,['1CJCThhtbSHWSihjWWRY9r']
3AWATaNWvlDlTOmlemNQDw,Thinking About Thursdays,52,2017-02-21,['3h100hRlLZ7QDz8GRt5QsD']
6Z5g1Vx3OsI2ay8xbVXbYT,Swarm Swamp Swim,1,2019-10-24,['1AgxgADPuRIW1wyaA4OKcB']
3Wc0YFoix2vAhwc8UmRkFJ,Something Wild,13,2013-08-01,['0HMLp79IAd9Z8zMgxqpyxn']
3UD8Lw4Q62FVNLhGbWyd5v,Bitter Suites,10,2016-09-30,['2bNoMMVO2QO6vySQvjn50L']
6w3SkDOrz37OKLo3tZsv8s,Loving,7,2016-06-11,['4ftctxasGrW5Ud5Pbw6kWq']
7BcIzx9SauntO8nMPoxrLn,We Spent the Night on a Star,1,2021-05-26,['4Rus30xX4FOv2cyeFI79Qh']
4dssxKCofgJqaPAiMMWKwO,Don't Get High No More,1,2019-12-21,['12KsgeavNVg66cW2frw3j2']
44lnoKWe4pQib9vwQPgvHb,I Don't Wanna Lose,5,2019-06-21,['4eArh1v6UwBbKkjdgHCned']
74ExKX0TXhIQE30UrTiPlD,Wake Up Calls,13,2020-09-18,['6hV6oxGLeLFw17DGjIPkYD']
2TwdfXTB6TUMObapDUysmW,This Thing Called Living,4,2019-05-30,['7LlIWfvgWlDBXfxCvCFbuC']
7ltP2cl9QG9QMiHqYxmwDi,A Quick One Before the Eternal Worm Devours Appalachia,1,2022-04-14,['1aUv3hnms9YskrIgh09GxU']
0jSbGFLr7uwPvPcrxrwdvx,every which way,20,2020-06-05,['4pzjm2iMtclScYmoJ7q9tD']
5gxU4I5xJPoriKLwZ2EG9t,Come Over,9,2021-07-02,['4VQqGf7U3RUspgTsprypWE']
3GB1leLOnXrqHy7dTFZ9I8,Shy,1,2019-11-06,['5O35zGUolf87RATk2NgSD3']
4CvR0TtxnofCq74AiND8kp,Zest Pop,10,2017-06-17,['7kAZYW5e5hQHYGQ0XHYhns']
2mkrh0IGlWoh1AtKS7cyCK,Elvis,1,2022-04-15,['7MZIDz9tE0iPbZHmA1XaJ8']
7eed9MBclFPjjjvotfR2e9,Nothing Happens,11,2019-03-22,['0NIPkIjTV8mB795yEIiPYL']
026fArxz2P8Vuj8ReXLD6j,The Libertines,14,2004-08-30,['4fSPtBgFPZzygkY6MehwQ7']
7GjVWG39IOj4viyWplJV4H,Little Dark Age,10,2018-02-09,['0SwO7SWeDHJijQ3XNS7xEE']
6HbJlAnTRhWae1F3lEwGkv,An Awesome Wave,14,2012-05-28,['3XHO7cRUPCLOr6jwp8vsx5']
5fmYMNT1zRl5tCdji7YSFh,Crumb,3,2016-09-06,['4kSGbjWGxTchKpIxXPJv0B']
1C4UGzx5gD9b3X0UfAhY7z,Veni Vidi Vicious,12,2000-09-12,['4DToQR3aKrHQSSRzSz8Nzt']
1q77OFn8cTNdI5MOQiQyFo,Dedicated to Bobby Jameson,14,2017-09-15,['5H0YoDsPDi9fObFmJtTjfN']
5zGfpfO04UiTB9g73oFi5F,Must Be a Dream,10,2020-09-30,['6yYoIxAvtAgGPSSring5SB']
3gBVdu4a1MMJVMy6vwPEb8,Pablo Honey,12,1993-02-22,['4Z8W4fKeB5YxbusRsdQVPb']
2BtE7qm1qzM80p9vLSiXkj,Magical Mystery Tour (Remastered),11,1967-11-27,['3WrFJ7ztbogyGnTHbHJFl2']
0hHBHXLrTlYfLXrp8yb6N6,No Obligation,12,2024-10-11,['13dTrWNNrnZ3AkgNyQNKP5']
0uMO9LgMLMtHzLnTSONd6k,Cartoon Darkness,13,2024-10-25,['3NqV2DJoAWsjl787bWaHW7']
2oSZ420w1kkEdXMaDaNEbt,HEAVY JELLY,11,2024-07-19,['3xByNj8XW17oW0wsJhgzYL']
2kL3JicKZpvBfIeDeDPDUX,The Night the Zombies Came,13,2024-10-25,['6zvul52xwTWzilBZl6BUbT']
2Xhvdg9rLRGvhlcOznttch,I Just Needed You To Know,1,2024-05-27,['4CbghtwTo6bvxk5QacvRrE']
2lxGxazh48lUgoszrdBwF5,Still Nervous,12,2024-05-31,['7IPyXY4ZHkuvQY1ny8TnMQ']
3yAHCdy8s77OpoBvVY9EJp,A Very Laufey Holiday,5,2024-11-01,['7gW0r5CkdEUMm42w9XpyZO']
01Y6gij1vhxRlST9TEfDSK,Heart of the Artichoke,10,2024-06-07,['6DhYH5Yx7mZG0qkBmioMbI']
1NqTi2wBEEUGGDYKrouHpq,Strangers,1,2024-01-25,['3uPvy8pktQ5n3mZCZzOew9']
4lR4bQYWaKjV7gPWgnWkgm,want,12,2024-07-26,['4vS7F8WLAPxQyMNAAHt9pn']
0fVXraFe5B7rZLnGjTVZWy,Blue Raspberry (Deluxe),13,2024-07-12,['3ZH4IYVc5qVlKyJoZhGpwy']
3aM1dE1P2ikP9ERa1hmtri,Water's Here In You,12,2024-04-26,['3Yjr5lVbAr2Fe7Lmpwja70']
7H4gzx32WNrVnICTuOYkG8,If I Could,1,2024-05-10,['1wmiQ6ytATiGnJs6uFluKO']
3fqm4PDI57qVWEJBOGxyrN,"With Love,",10,2024-05-03,['3yZV7kMGClXfw0xaPAlImS']
5zfyyyrGK9CXPgFlbXuk6r,Soft and Tame,1,2024-03-28,['0Kpf7PvEotzvndPhYwwZzb']
78RUUDGvddkndnrYevXAAo,No Glory,9,2024-03-29,['3WWEKLW1zn4gtBSljQ8HQN']
3tYrD7La7dlVTUX9LfgdGN,Anthems For A Seventeen Year‐Old Girl,1,2024-05-02,['6mrOjLZyPub9LcecUarcMD']
1j3pIPXjLIFkp84OfVUsNT,Alvvays,9,2014-07-21,['3kzwYV3OCB010YfXMF0Avt']
1owNOVlXTqmDVo4M2Z20uk,Instrument Soundtrack,18,1999-04-01,['62sC6lUEWRjbFqXpMmOk4G']
1F6cYMTXqDtORCHzjfukiQ,The Last Man on Earth (Lullaby Version),1,2022-05-05,['3btzEQD6sugImIHPMRgkwV']
5qFUtdu1bi6H0lxogx9rPU,What Do You Want From This?,1,2023-09-20,['4wyHNbOxItcTYVwQmDt0bV']
0ZyaO9oGhq7blYJzo3l65t,Cavetown,8,2015-11-09,['2hR4h1Cao2ueuI7Cx9c7V8']
1OYBJtcKTq7MCYPvUi8t7s,Dosed,1,2024-04-26,"['3pIGm1omCcHIb1juBNHspg', '4aPT8eowVBP90ixltzYnyB']"
0sYILYUuhAgo9wjjvY3BBp,The Ballad of Hamantha / Today Today / Al Dente,3,2018-11-05,['1yNIb413Bmfs2ZBVuPp9kC']
27TxBNq5CRPXh5JZBHM3P5,They Never Mean What They Say,1,2024-03-26,['7b697TI9p2abLzSo3eJTKW']
49iT8dV8hZ5o7bqpOI5yfI,Public Void,7,2020-09-25,['3u6lPufHw4Oww6D88rv6sB']
41L2pfxvjyMRse8MVyRX7j,To the Ghosts,13,2024-07-26,['3Oim8XBPbznAa8Jj8QzNc8']
5SXuSII4lZtv9Y3QBvOuUe,Crimson to Chrome b/w IN_OUT,2,2023-08-16,['5HViQsHNdOovxKa420CPGR']
64laei7UIkOhVKBf4iszay,Face to Face With Fantasy,11,2024-10-28,['1CMml5seBEaxQzlmaGxMPx']
0BgTMQuRIC2K7Ws6B1QWr3,"Everything Matters, Everything's Fire",9,2024-09-13,['7EEefVBNBS3ckwouEl62oB']
7k1YOwYf369EX0aHeXApWp,Core,12,1992-09-29,['2UazAtjfzqBF0Nho2awK4z']
1mMy79IOzwQyoD6dg8568p,Temple Of The Dog (Deluxe Edition),25,2016-04-16,['0iHb0mCbqZTYeb4y9Pirrd']
5B4PYA7wNN4WdEXdIJu58a,Ten,11,1991-08-27,['1w5Kfo2jwwIPruYS2UWh56']
58NXIEYqmq5dQHg9nV9duM,Dirt (2022 Remaster),13,1992-09-29,['64tNsm6TnZe2zpcMVMOoHL']
5EXNKPhEncPHqm6ZxeELL9,Make It Up,12,2024-06-14,['7HeBQpJ3UmyybgEvqfdRAE']
619AAL08eHbip6ce8Jixbe,VYZEE,1,2015-11-27,['5a2w2tgpLwv26BYJf2qYwu']
7J7bU7CQ8mw5rWZhREwccv,90's Feeling,1,2019-12-19,['5cQmRpjiW1N4Bv4BOIIjtx']
5LbHbwejgZXRZAgzVAjkhj,Facelift,12,1990-08-01,['64tNsm6TnZe2zpcMVMOoHL']
2r2r78NE05YjyHyVbVgqFn,Vessel,12,2013-01-08,['3YQKmKGau1PzlVlkL1iodx']
5RK1P6CcqLfAeHlgA8I6oH,One Stop Shop,10,2022-07-22,['7iyWvxyp2SxGg3L66TmHbO']
57lcTrUlYgfMIPvBUsVU6h,Purple (2019 Remaster),11,1994-06-07,['2UazAtjfzqBF0Nho2awK4z']
5I9K0u8r52jp4Y2bF8mOaz,"Song Machine, Season One: Strange Timez (Deluxe)",17,2020-10-23,['3AA28KZvwAUcZuOKwyblJQ']
3jS2Xu9OqOicKjAKnyjRZL,Every Valley,11,2017-07-07,['6VsiDFMZJlJ053P1uO4A6h']
0h5baiovPeDhGDeDXPsOzX,Welcome,4,2012-08-04,['75mafsNqNE1WSEVxIKuY5C']
6P1QRuFu6NaJtRyKjONiqx,Buck,1,2020-07-30,['6Fnr4z4XxrLyioZquy1WhO']
6W0Gabv5f3ugnckc6YgfJQ,The Emptiness Machine,1,2024-09-05,['6XyY86QOPPrYVGvF9ch6wz']
79Cyc8GRWnLyjdJSMyJ0dB,Vois sur ton chemin (Techno Mix),1,2023-08-04,['1r43wW70tnGUauQYvY5w48']
2e8WEewhJrzexljZrhMCYH,Poc a poc,1,2024-01-07,['7BGTl5Swxc7pcXnSgqzSSM']
4bYr8W3KSim5kjG7t00FDC,Ratata,1,2022-01-24,"['6GVd3327JY65jGWX4X3wHS', '66FZq0wsY6770bc4O9Dlig']"
5JDhf7woR8UlAk2PlWAC40,EINS ZWEI,1,2024-03-01,['4oCaLmRVMM4Ck4VGrmh4VC']
63vGedIkGEXbDV9dwhnk3x,Baby You Bleeding Again,1,2021-11-12,['0pMuwBG7YGp4l8UaZqtzjo']
0IYwrkF0eNvYRrtUHZO7Bo,The Cleaner,2,2019-07-15,['685XjGzGztyivfR3fAjoxo']
5HLaRNTY0Kk71653Rhnjww,Hazmat Suit (My Ass),2,2022-11-18,['3uqAKGSytLJJuLy4BPlY38']
4FPf6TQDTjuSKhz33YMJlh,Sanctus,7,2020-05-03,['1nDQX7M3T8BvVi3bdCQyrm']
1zd9RZVtVJCHdz2XOh0PNz,PAIN.EXE,10,2020-10-31,['5bC2AQ49NEL0cWpev4dgnw']
2EHzdOCliBlaKJWTJ7A8li,Incredibly Annoying,2,2022-07-05,['0zo109NM3S7CqHpvlXwqEN']
3Au8eyQxvtvbxPwZlJ3Al8,Various Artists - EP 5,4,2020-10-23,['0LyfQWJT6nXafLPZqxe9Of']
5NdAnAc0OLoeTahpHzFXNt,Tootsie Pop,15,2023-06-16,"['4m7q9onIm2bqhwHy9utqmw', '5skHU2PrWHKFfSTpq9y56C']"
3PCTCUWiQteO1whAgT1nm6,Reptilians,13,2015-04-27,['6MmSkH5Y9u4wWv8I3dxMhh']
6bY9ZROncZIe1eBPWjN3l3,I met SOPHIE in Berghain,1,2021-01-16,['1XXeiviYqDiTpuNsL7UaM1']
