id,name,followers,genres,popularity,total_albums
5INjqkS1o8h1imAzPqGZBb,Tame Impala,"{'href': None, 'total': 8391981}","['australian psych', 'modern rock', 'neo-psychedelic', 'rock']",81,212
7Ln80lUS6He07XvHI8qqHH,Arctic Monkeys,"{'href': None, 'total': 27870193}","['garage rock', 'modern rock', 'permanent wave', 'rock', 'sheffield indie']",88,36
0epOFNiUfyON9EYx7Tpr6V,The Strokes,"{'href': None, 'total': 6017208}","['alternative rock', 'garage rock', 'modern rock', 'permanent wave', 'rock']",78,25
3ztRX1UoIOsFqpD7dB6R8O,illuminati hotties,"{'href': None, 'total': 76344}",['bubblegrunge'],43,36
4V30Q8ACPdJCcAmAYibfrH,Dora Jar,"{'href': None, 'total': 68059}",['indie pop'],50,23
21IgTzfAyrn8DJpEY7F4DM,Rosie Tucker,"{'href': None, 'total': 19674}",['bubblegrunge'],35,18
1TkiNxDsrc0PgIWBrATCbe,Wishy,"{'href': None, 'total': 10635}","['midwest shoegaze', 'zoomergaze']",41,6
5GA6j57yIPCBrWk1lTvF9o,Lime Garden,"{'href': None, 'total': 27852}","['brighton indie', 'crank wave']",43,13
5gmk49M0KriLVEWOqAoqjH,Mini Trees,"{'href': None, 'total': 13511}",[],28,16
27tsCOGutD6wmFnv4eKWMp,Junior Varsity,"{'href': None, 'total': 27535}",['modern alternative pop'],50,14
0qrCon6GmV92JY5vNALLif,Francis of Delirium,"{'href': None, 'total': 18638}",['luxembourgian indie'],37,13
6xriZDSK3wPXhOoZXr9fzF,Rubblebucket,"{'href': None, 'total': 83294}",['shimmer pop'],42,36
33yje3hgpNfdXpqdJQcrt9,Mannequin Pussy,"{'href': None, 'total': 202502}","['bubblegrunge', 'indie punk', 'modern hardcore', 'modern power pop', 'riot grrrl']",56,13
0Kpf7PvEotzvndPhYwwZzb,The Ophelias,"{'href': None, 'total': 14096}","['baroque pop', 'cincinnati indie']",25,25
0gSmzBSSMT1yJanwTK16Ln,Lutalo,"{'href': None, 'total': 13014}",['countrygaze'],39,7
4FAX5kglTvU5WiFq7yPNb9,Why Bonnie,"{'href': None, 'total': 10060}","['bedroom pop', 'bubblegrunge', 'dreamgaze']",32,16
2bstapBmz5M83elQvPnwp6,Bad Bad Hats,"{'href': None, 'total': 52574}",['minneapolis indie'],38,20
3XRj6XMmub9546oUagEqHY,Hannah Cole,"{'href': None, 'total': 7485}",[],32,17
7iyWvxyp2SxGg3L66TmHbO,Twen,"{'href': None, 'total': 13662}",[],35,13
7oh6gwRCYhambO8qcKh3T1,Creo,"{'href': None, 'total': 96902}",['speedrun'],47,52
6pGuw52TrX5SZPdQSxAvgW,Vulfmon,"{'href': None, 'total': 50343}",[],51,5
1NJUWqbiNAk1BPOyQhb2qe,fanclubwallet,"{'href': None, 'total': 18943}",['chill dream pop'],36,26
3diDUq8QMCCtx8a4Jy42aO,Hana Vu,"{'href': None, 'total': 56353}",['bedroom pop'],42,11
5Wj0an60VgRckYV9zlDe1e,Momma,"{'href': None, 'total': 71729}","['bubblegrunge', 'indie rock', 'small room']",48,15
4Z8W4fKeB5YxbusRsdQVPb,Radiohead,11065935,"['alternative rock', 'art rock', 'melancholia', 'oxford indie', 'permanent wave', 'rock']",85,62
3AA28KZvwAUcZuOKwyblJQ,Gorillaz,12470615,"['alternative hip hop', 'modern rock', 'rock']",81,946
4N8BwYTEC6XqykGvXXlmfv,George Benson,855788,"['jazz funk', 'jazz guitar', 'smooth jazz', 'soul jazz', 'yacht rock']",66,1385
2Z7UcsdweVlRbAk5wH5fsf,The Last Shadow Puppets,1155471,"['baroque pop', 'modern rock', 'sheffield indie']",60,7
1LeVJ5GPeYDOVUjxx1y7Rp,Unknown Mortal Orchestra,873769,"['art pop', 'indie rock', 'indie soul', 'indietronica', 'kiwi rock', 'neo-psychedelic', 'portland hip hop', 'psychedelic pop']",59,146
6olE6TJLqED3rqDCT0FyPh,Nirvana,20957111,"['grunge', 'permanent wave', 'rock']",83,38
5J81VungUjSVHxlPpTI9KG,Mild High Club,582311,"['indie garage rock', 'neo-psychedelic']",60,10
6fHETUBbKmdmgybtFOFQuc,Dirty Pretty Things,147770,"['british indie rock', 'britpop', 'garage rock']",40,16
6Tyzp9KzpiZ04DABQoedps,Little Dragon,700043,"['art pop', 'chillwave', 'downtempo', 'electronica', 'gothenburg indie', 'indie soul', 'indietronica', 'neo-synthpop', 'swedish electropop', 'swedish synthpop', 'trip hop']",60,123
1ctkBmvz80MGyi72Ix055S,Alex Turner,967716,['sheffield indie'],60,9
3M0H4efyA5YcijrKlaKbYn,Miles Kane,300812,"['baroque pop', 'british indie rock', 'garage rock', 'modern rock']",56,64
0SwO7SWeDHJijQ3XNS7xEE,MGMT,3284210,"['alternative rock', 'indie rock', 'indietronica', 'modern rock', 'rock']",76,224
4kSGbjWGxTchKpIxXPJv0B,Crumb,606671,['neo-psychedelic'],64,8
6XYvaoDGE0VmRt83Jss9Sn,King Gizzard & The Lizard Wizard,1231141,"['australian psych', 'double drumming', 'microtonal', 'neo-psychedelic']",65,59
2Jv5eshHtLycR6R8KQCdc4,Grizzly Bear,850829,"['art pop', 'baroque pop', 'brooklyn indie', 'indie rock', 'neo-synthpop', 'new weird america']",56,34
3Sz7ZnJQBIHsXLUSo0OQtM,Mac DeMarco,6809815,"['edmonton indie', 'lo-fi indie', 'pov: indie', 'slacker rock']",82,101
0Raaw7kr1Vzat4ZvHzjsJR,I DONT KNOW HOW BUT THEY FOUND ME,1080159,"['alt z', 'pov: indie']",62,37
3zmfs9cQwzJl575W1ZYXeT,Men I Trust,2034055,"['indie pop', 'pov: indie']",72,29
2D4FOOOtWycb3Aw9nY5n3c,Declan McKenna,1039165,['pov: indie'],68,47
5b5bt4mZQpJMoCRbiQ7diH,Royel Otis,380329,['australian indie rock'],73,28
77mJc3M7ZT5oOVM7gNdXim,Her's,1015301,"['indie pop', 'liverpool indie', 'pov: indie']",65,12
7pXu47GoqSYRajmBCjxdD6,Vulfpeck,962209,"['ann arbor indie', 'funk rock', 'instrumental funk']",60,11
44w54ag6mZjclpEET3ROf9,Janko Nilovic,32092,['library music'],38,39
2a4lU7F8toqKpb5v6Ftqya,Theo Katzman,83760,['retro soul'],47,48
0ZHYWjY4CjSi7BHBiuw3QN,10 Good Songs,793,[],32,3
1WlYYdGPxcxcmDVtIzTuhV,Funky Times,30402,['modern funk'],43,20
03ZdbEBsbFHG3uJC6gYiOY,Sam Greenfield,24615,[],44,30
2s4evfvMB1HbNMGak6pDUB,Jacob Jeffries,5840,[],42,38
1gxczmVzWKNJLz61uI27zJ,Evangeline,7961,[],46,6
1JyLSGXC3aWzjY6ZdxvIXh,The Fearless Flyers,182229,['instrumental funk'],47,6
0zimAUeLZD9gEVSEgc9RRd,Greg Spero,17628,['uk contemporary jazz'],45,184
1SqJPsQ1Xl7SqS7bNcea5P,Terreon Gully,830,[],22,34
4JG781pl96pL2h0AoERgOA,Keyon Harrold,19345,"['indie jazz', 'jazz trumpet']",37,122
0FCdAfxz2PRzUfKzzVM5LG,Dario Chiazzolino,688,['italian jazz fusion'],20,30
302jOsgU7aZW71XhLem57k,Jermaine Paul,3090,['deep talent show'],44,51
3yY2gUcIsjMr8hjo51PoJ8,The Smiths,6682348,"['madchester', 'new wave', 'permanent wave', 'rock', 'uk post-punk']",80,518
7vWFpgyWJ9CXisL0x6vYJN,Antwaun Stanley,15735,['praise'],46,45
3lFDsTyYNPQc8WzJExnQWn,Sammy Rae & The Friends,212733,['nyc pop'],55,34
55BOGnEb0pUuAgbxAwwbKV,Ghost-Note,67515,['instrumental funk'],36,13
4y6ORtg4fPmsXNftMLw12X,Nine Sparks Riots,12273,['modern funk'],41,35
3szeS1OVdR464BUVlIH3L0,No� Berne,1150,[],33,21
2kPPtGrPl59H7uFKz4MehA,Avatar Horns,365,[],30,4
60k4atxgEIMFz4DWHp0le1,Braxton Cook,52662,"['indie soul', 'neo r&b', 'uk contemporary jazz']",46,130
12mubYgIHWEtjzaEi41bv9,Roni Kaspi,6786,[],44,25
1EoYANOJzjAhHD0ChMfn0G,Telula,15137,[],34,15
2FMOHE79X98yptp4RpPrt7,PJ Morton,289743,"['neo r&b', 'neo soul']",59,175
0uyK6faAhm4CYcf1OhP38V,The Funky Knuckles,42403,"['electric bass', 'instrumental funk']",32,9
2obJl0FDVgsjMjoK4QacFm,Jonathon Wilson,103,[],29,5
7027i6bTkbkTpEmIeEBIHy,Mike Viola,6274,"['modern power pop', 'underground power pop']",26,39
5kcg3AWB22uwFWJWhpVfBV,Marti Fischer,39592,[],50,66
25sLKwKLfXqPXsSkmwimd6,Lukas Franz,37,[],22,3
04HwdlOSZ8Rnmp4D3vyjI2,Nigel Hall,14566,['new orleans funk'],50,66
3C1TdpEowpf6AMf7PycuWy,Nate Smith,79222,"['contemporary jazz', 'uk contemporary jazz']",42,48
5dgmwbLZhKGY3sCtCgx30i,Christine Hucal,225,[],21,1
7gRH7pJQJaAvrwvi8STYEl,Matt Duncan,43856,"['lexington ky indie', 'retro soul']",54,18
3rbhr6Z9OqXd4OjED0O2Vg,André Haaf,61,[],32,3
2qFOYqFxPaIwEnffVhJhEn,The Dip,190710,['retro soul'],60,27
2Oq3sgFa2HSvRY0vL6bDxN,Monica Martin,34832,[],41,63
7J8tWZMxGDumku9QgEy8XR,MAE.SUN,3705,[],49,18
1i1prvKQoU8d7eTrRHIMtO,Andreas Gidlund,710,[],38,19
0lOhgZEe0mfn0xWJtUIwEz,Sebastian Ågren,478,[],36,16
6xt9sJmmyYwWkJv8A6ssiU,Cory Wong,269997,['instrumental funk'],55,124
7FZ7QjjU3oULdlzZr6GJCw,Giacomo Turra,35220,['modern funk'],41,10
6w6xGrG9JgYswGxPLXhTZ0,Francesco Dallago,66,[],21,3
6AvZnsNzD2AX1UjUlwOn5n,Eric Assarsson,711,[],21,7
4qZgK4JA47qxokxM0qZLDX,Julius Imhäuser,11,[],21,1
3USL7r0FYOWUiTPQGz3HpP,Mark Lettieri,61947,"['electric bass', 'fort worth indie', 'jazz fusion']",39,85
1xJe3NoQuabsykznaMz7UR,Thobias Gabrielson,136,[],17,6
6xt9sJmmyYwWkJv8A6ssiU,Cory Wong,269997,['instrumental funk'],55,124
7FZ7QjjU3oULdlzZr6GJCw,Giacomo Turra,35220,['modern funk'],41,10
6w6xGrG9JgYswGxPLXhTZ0,Francesco Dallago,66,[],21,3
6AvZnsNzD2AX1UjUlwOn5n,Eric Assarsson,711,[],21,7
4qZgK4JA47qxokxM0qZLDX,Julius Imhäuser,11,[],21,1
3USL7r0FYOWUiTPQGz3HpP,Mark Lettieri,61947,"['electric bass', 'fort worth indie', 'jazz fusion']",39,85
1xJe3NoQuabsykznaMz7UR,Thobias Gabrielson,136,[],17,6
5uiYVTlSFQqK08L1MKuBnW,"Ronald Bruner, Jr.",9536,[],35,13
71DLOjjNflV6J67OQrR54B,MonoNeon,2750,[],37,23
42rpmJkLfveqCuH2fh9bdV,Julia Hofer,170,[],26,6
4BjlJxkz88UeYje83jgwHf,Silas Engel,39,[],26,2
7ozVmaeTVQUWqasHUJtocx,Jessica Kion,152,[],8,1
1ybAN3utgdoUL1MUCtH4QM,Tennis,305393,"['art pop', 'chamber pop', 'chillwave', 'denver indie', 'indie pop', 'indie rock', 'indie surf', 'shimmer pop']",50,35
4ZAk3yVJdtf1CFnTiG08U3,Luna Li,151482,"['canadian garage rock', 'toronto indie']",52,20
7FKTg75ADVMZgY3P9ZMRtH,flipturn,203875,"['jacksonville indie', 'pov: indie']",61,29
6fC2AcsQtd9h4BWELbbire,Peach Pit,838486,"['pov: indie', 'vancouver indie']",64,17
0QWrMNukfcVOmgEU0FEDyD,Jacob Collier,846620,['uk alternative pop'],62,111
6wTD4jLsPadWutQ9nJvzT6,Larry Goldings,12010,"['jazz organ', 'modern jazz piano']",36,190
3AKEETcbRYtfGanQZjJ48F,Martina DaSilva,8620,[],40,56
502QOcjJiKbhtG2MyrFkc8,Yvette Young,110022,['math pop'],39,24
7jOY91ZU7kn86slH3fBbaD,Louie Zong,253692,['weirdcore'],53,150
1bfk97GO0DYNUjbNNJ0XIT,Joshua Lee Turner,24468,[],33,28
3ir2pF2mkiEWqyPenKTh5e,Indigo De Souza,182435,"['asheville indie', 'bubblegrunge', 'indie pop']",53,17
3tc5O6Blz62oYIm6cy6nDN,Adam Neely,38762,[],25,29
03uMw43UVu9MsQCcHVSGjX,Alice Phoebe Lou,448779,['south african alternative'],64,34
34A8vV1MCxGpA14KspqQuC,Sarah Kinsley,276246,"['gen z singer-songwriter', 'indie pop']",54,26
3M8JKaNdIRChzvxVK1XxKm,FLEECE,61904,['psychedelic pop'],37,9
08TGV83UEqrOTm6mHIkfA3,Buzz Gravelle,4933,[],19,11
7pQXfjCzKMCrcQnp9TAn3z,The Westerlies,12195,['modern chamber music'],30,37
11PSrxL3fUwegNhxdfP6zE,Woody Goss,17700,[],39,22
5xUf6j4upBrXZPg6AI4MRK,Soundgarden,4623563,"['alternative metal', 'alternative rock', 'classic rock', 'grunge', 'hard rock', 'nu metal', 'rock']",69,45
6uIst176jhzooPMetg2rtH,Louis Cole,167511,['la pop'],48,64
3fdSaLGoAJx4kb2WxpTreJ,Loftys Comet,4092,[],23,6
1Rxe2OboMb1Bx2n49182AJ,Stoop Kids,15985,"['indie r&b', 'new orleans indie']",26,16
0A51LEnyTnXX33IyuwM0Ts,Rob Scallon,92140,['instrumental bluegrass'],43,97
5TUa95aB5Vu2CzwCnZd6t0,TTNG,119775,"['british math rock', 'math rock', 'midwest emo', 'oxford indie']",40,18
62GVUyFF8qLfC8mKBFKnmK,Ben Levin,10879,[],21,38
5p9HO3XC5P3BLxJs5Mtrhm,Djo,1692219,"['pov: indie', 'psychedelic pop']",76,13
09K1H1DgyIXHsMx2j7KTFX,Mystery Jets,165880,"['british indie rock', 'dance-punk', 'english indie rock', 'new rave', 'scottish rock']",43,135
0x4xCoWaOFd3WsKarzaxnW,Frankie Cosmos,316068,"['bedroom pop', 'bubblegrunge', 'indie pop']",58,42
6oZkXVodBHhty6H0PuSJei,Worthikids,62296,['weirdcore'],40,13
4h7DUL1L3RrCzquDp8xQXY,yMusic,10943,"['modern chamber music', 'modern performance']",36,38
0rLLyTr5rx0qYKb63MdVW9,Ryan Lott,5084,['21st century classical'],28,23
3vVDncwsr2d6svvsH8WVYO,Joe Zempel,1662,[],19,7
4eArh1v6UwBbKkjdgHCned,Kate Bollinger,102508,"['charlottesville indie', 'indie pop']",58,26
5dHfLBNU8zoypgKefzEB1c,Pomplamoose,581188,['folk-pop'],58,247
52PdgUJOjvS6Mpmjy1SAlx,hemlocke springs,221917,['modern indie pop'],49,8
11DpUQDuQFFuGU8VXny3K6,JW Francis,25218,['bedroom pop'],39,40
12zJUOk2H41NBQLe0n2Pub,WHAT? NAH,1815,[],11,3
1eyGtJBOiRGtvXAEhQHpBS,Smooth McGroove,94579,"['pixel', 'rhythm game']",36,64
57vWImR43h4CaDao012Ofp,Steve Lacy,5437207,['afrofuturism'],83,88
66riSKDVOc3vPkeyju0q0o,Moses Gunn Collective,81048,"['indie garage rock', 'neo-psychedelic']",43,10
26T3LtbuGT1Fu9m0eRq5X3,Cage The Elephant,3962254,"['modern alternative rock', 'modern rock', 'pov: indie', 'punk blues', 'rock']",76,34
1bwUhKRmEkOZ1wuTnV9XjC,Beach Fossils,566035,"['brooklyn indie', 'indie garage rock', 'indie rock', 'indie surf', 'noise pop', 'popgaze', 'shoegaze']",53,24
0Ak6DLKHtpR6TEEnmcorKA,The Vaccines,791170,"['british indie rock', 'garage rock', 'indie rock', 'modern rock', 'rock', 'scottish rock']",58,37
7MhMgCo0Bl0Kukl93PZbYS,Blur,3562860,"['alternative rock', 'britpop', 'madchester', 'permanent wave', 'rock']",71,784
1kHRymNPmogG52AtyIJKQF,Andrés,18137,['progressive post-hardcore'],35,57
3X8VK5wNpLQCVEo4sWBH2A,Cassyette,107696,[],50,24
12Chz98pHFMPJEknJQMWvI,Muse,8057472,"['alternative rock', 'modern rock', 'permanent wave', 'rock']",77,63
4FZ3j1oH43e7cukCALsCwf,Jack White,1383464,"['alternative rock', 'blues rock', 'garage rock', 'garage rock revival', 'indie rock', 'modern blues rock', 'modern rock', 'punk blues', 'rock']",61,180
31M8EXHYtEqOqVb1X7JRVe,Dead Poet Society,172630,"['boston indie', 'modern alternative rock']",56,29
7jy3rLJdDQY21OgRLCZ9sD,Foo Fighters,12224166,"['alternative metal', 'alternative rock', 'modern rock', 'permanent wave', 'post-grunge', 'rock']",78,46
4NiJW4q9ichVqL1aUsgGAN,A Day To Remember,2409779,"['alternative metal', 'metalcore', 'neon pop punk', 'pop punk', 'screamo']",70,134
6XgIk9Y6qy6JCMZVime6DQ,Bob Vylan,79686,"['black punk', 'crank wave']",45,41
2iwVdN0Geaw5Sn2Abeh9fB,Kid Kapichi,57643,"['british alternative rock', 'english indie rock', 'modern alternative rock']",44,17
3Ayl7mCk0nScecqOzvNp6s,Jimmy Eat World,1644989,"['alternative metal', 'alternative rock', 'emo', 'modern power pop', 'modern rock', 'neon pop punk', 'pop punk', 'pop rock', 'post-grunge', 'punk', 'rock']",70,172
3NqV2DJoAWsjl787bWaHW7,Amyl and The Sniffers,417399,"['australian garage punk', 'melbourne punk']",63,13
1tpXaFf2F55E7kVJON4j4G,Black Rebel Motorcycle Club,566731,"['garage rock', 'garage rock revival', 'modern blues rock', 'permanent wave']",52,35
1Li0eIWeMeWcOOWpImcG9H,Albert Hammond Jr,250647,['garage rock'],47,24
5h5YgUkm7vI0bdbQTyBGmb,Bad Waitress,13575,"['canadian psychedelic rock', 'riot grrrl']",31,10
3t1nM1F3Ynmt6Ft7ouWYmW,The Cool Greenhouse,12895,"['crank wave', 'uk post-punk revival']",25,10
6ql3PKpzPtJITCzZBebyaV,XL LIFE,2698,[],9,6
1NyswKLrbbWby73lOfJRZH,Turbowolf,47207,"['bristol indie', 'british alternative rock', 'modern alternative rock']",38,12
43kKsfG1eZSFW785NtHDYs,DYGL,69504,"['japanese alternative rock', 'japanese punk rock']",32,23
2d0hyoQ5ynDBnkvAbJKORj,Rage Against The Machine,6311874,"['alternative metal', 'alternative rock', 'conscious hip hop', 'funk metal', 'hard rock', 'nu metal', 'political hip hop', 'post-grunge', 'rap metal', 'rap rock', 'rock']",72,31
4SX1RwkM82CQll2eoV9HaP,Teen Mortgage,54112,['dc indie'],51,11
6XyY86QOPPrYVGvF9ch6wz,Linkin Park,28024768,"['alternative metal', 'nu metal', 'post-grunge', 'rap metal', 'rock']",93,1255
2qk9voo8llSGYcZ6xrBzKx,Kings of Leon,5534341,"['modern rock', 'rock']",77,42
4DToQR3aKrHQSSRzSz8Nzt,The Hives,842672,"['alternative rock', 'garage rock', 'garage rock revival', 'modern rock', 'rock', 'swedish garage rock', 'swedish hard rock', 'swedish indie rock']",59,65
07eIrj0b3z5mgvtkDmWoxo,Heavy Lungs,27373,"['bristol indie', 'crank wave', 'english indie rock', 'uk post-punk revival']",28,12
03r4iKL2g2442PT9n2UKsx,Beastie Boys,2951795,"['alternative rock', 'east coast hip hop', 'golden age hip hop', 'hip hop', 'old school hip hop', 'rap', 'rap rock', 'rock']",70,60
4mq5CE2MZeSYoc6k1JQuEA,Human People,17216,"['bubblegrunge', 'riot grrrl']",37,3
0L8ExT028jH3ddEcZwqJJ5,Red Hot Chili Peppers,21762173,"['alternative rock', 'funk metal', 'funk rock', 'permanent wave', 'rock']",84,1177
3xByNj8XW17oW0wsJhgzYL,SOFT PLAY,248589,"['english indie rock', 'kent indie', 'modern alternative rock']",55,29
7J6YlxY8MiF5ZwfVBzMpPc,Jools,5353,"['leicester indie', 'uk post-punk revival']",18,7
7vNNmjV14SKQzlQAEg0BXP,Jean Dawson,189717,"['indie hip hop', 'modern indie pop']",59,38
3oBP043HsDnok9FzprqPce,The Tazers,8554,"['neo-psychedelic', 'south african alternative']",22,14
3zz52ViyCBcplK0ftEVPSS,Quadeca,295788,['hyper-rock'],54,40
0m5FakHKCQdA7UN0PIzMcL,Current Joys,1491827,"['lo-fi indie', 'pov: indie']",73,23
75mafsNqNE1WSEVxIKuY5C,IDLES,747699,"['bristol indie', 'crank wave', 'indie rock', 'modern rock']",63,72
5Bw9kFNhy019e4IBCJZlzw,Jordana,172637,['modern indie pop'],67,66
12j6dJrPXanCBwY599pZxf,Matt Maltese,647360,"['indie anthem-folk', 'indie pop', 'pov: indie']",70,214
0Y6dVaC9DZtPNH4591M42W,TV Girl,8882629,['pov: indie'],84,12
7I95CM75shzCjHuTzrepjM,Nova Twins,143336,"['black punk', 'uk diy punk']",53,31
3t1nM1F3Ynmt6Ft7ouWYmW,The Cool Greenhouse,12895,"['crank wave', 'uk post-punk revival']",25,10
12Chz98pHFMPJEknJQMWvI,Muse,8057472,"['alternative rock', 'modern rock', 'permanent wave', 'rock']",77,63
1Li0eIWeMeWcOOWpImcG9H,Albert Hammond Jr,250647,['garage rock'],47,24
7jy3rLJdDQY21OgRLCZ9sD,Foo Fighters,12224166,"['alternative metal', 'alternative rock', 'modern rock', 'permanent wave', 'post-grunge', 'rock']",78,46
07eIrj0b3z5mgvtkDmWoxo,Heavy Lungs,27373,"['bristol indie', 'crank wave', 'english indie rock', 'uk post-punk revival']",28,12
03r4iKL2g2442PT9n2UKsx,Beastie Boys,2951795,"['alternative rock', 'east coast hip hop', 'golden age hip hop', 'hip hop', 'old school hip hop', 'rap', 'rap rock', 'rock']",70,60
5h5YgUkm7vI0bdbQTyBGmb,Bad Waitress,13575,"['canadian psychedelic rock', 'riot grrrl']",31,10
6XyY86QOPPrYVGvF9ch6wz,Linkin Park,28024768,"['alternative metal', 'nu metal', 'post-grunge', 'rap metal', 'rock']",93,1255
4NiJW4q9ichVqL1aUsgGAN,A Day To Remember,2409779,"['alternative metal', 'metalcore', 'neon pop punk', 'pop punk', 'screamo']",70,134
4FZ3j1oH43e7cukCALsCwf,Jack White,1383464,"['alternative rock', 'blues rock', 'garage rock', 'garage rock revival', 'indie rock', 'modern blues rock', 'modern rock', 'punk blues', 'rock']",61,180
31M8EXHYtEqOqVb1X7JRVe,Dead Poet Society,172630,"['boston indie', 'modern alternative rock']",56,29
2d0hyoQ5ynDBnkvAbJKORj,Rage Against The Machine,6311874,"['alternative metal', 'alternative rock', 'conscious hip hop', 'funk metal', 'hard rock', 'nu metal', 'political hip hop', 'post-grunge', 'rap metal', 'rap rock', 'rock']",72,31
7vNNmjV14SKQzlQAEg0BXP,Jean Dawson,189717,"['indie hip hop', 'modern indie pop']",59,38
3X8VK5wNpLQCVEo4sWBH2A,Cassyette,107696,[],50,24
3xByNj8XW17oW0wsJhgzYL,SOFT PLAY,248589,"['english indie rock', 'kent indie', 'modern alternative rock']",55,29
12j6dJrPXanCBwY599pZxf,Matt Maltese,647360,"['indie anthem-folk', 'indie pop', 'pov: indie']",70,214
2qk9voo8llSGYcZ6xrBzKx,Kings of Leon,5534341,"['modern rock', 'rock']",77,42
0m5FakHKCQdA7UN0PIzMcL,Current Joys,1491827,"['lo-fi indie', 'pov: indie']",73,23
43kKsfG1eZSFW785NtHDYs,DYGL,69504,"['japanese alternative rock', 'japanese punk rock']",32,23
1tpXaFf2F55E7kVJON4j4G,Black Rebel Motorcycle Club,566731,"['garage rock', 'garage rock revival', 'modern blues rock', 'permanent wave']",52,35
3zz52ViyCBcplK0ftEVPSS,Quadeca,295788,['hyper-rock'],54,40
0L8ExT028jH3ddEcZwqJJ5,Red Hot Chili Peppers,21762173,"['alternative rock', 'funk metal', 'funk rock', 'permanent wave', 'rock']",84,1177
7J6YlxY8MiF5ZwfVBzMpPc,Jools,5353,"['leicester indie', 'uk post-punk revival']",18,7
6XgIk9Y6qy6JCMZVime6DQ,Bob Vylan,79686,"['black punk', 'crank wave']",45,41
5Bw9kFNhy019e4IBCJZlzw,Jordana,172637,['modern indie pop'],67,66
1NyswKLrbbWby73lOfJRZH,Turbowolf,47207,"['bristol indie', 'british alternative rock', 'modern alternative rock']",38,12
0Y6dVaC9DZtPNH4591M42W,TV Girl,8882629,['pov: indie'],84,12
4DToQR3aKrHQSSRzSz8Nzt,The Hives,842672,"['alternative rock', 'garage rock', 'garage rock revival', 'modern rock', 'rock', 'swedish garage rock', 'swedish hard rock', 'swedish indie rock']",59,65
3NqV2DJoAWsjl787bWaHW7,Amyl and The Sniffers,417399,"['australian garage punk', 'melbourne punk']",63,13
1kHRymNPmogG52AtyIJKQF,Andrés,18137,['progressive post-hardcore'],35,57
4mq5CE2MZeSYoc6k1JQuEA,Human People,17216,"['bubblegrunge', 'riot grrrl']",37,3
3Ayl7mCk0nScecqOzvNp6s,Jimmy Eat World,1644989,"['alternative metal', 'alternative rock', 'emo', 'modern power pop', 'modern rock', 'neon pop punk', 'pop punk', 'pop rock', 'post-grunge', 'punk', 'rock']",70,172
2iwVdN0Geaw5Sn2Abeh9fB,Kid Kapichi,57643,"['british alternative rock', 'english indie rock', 'modern alternative rock']",44,17
4SX1RwkM82CQll2eoV9HaP,Teen Mortgage,54112,['dc indie'],51,11
75mafsNqNE1WSEVxIKuY5C,IDLES,747699,"['bristol indie', 'crank wave', 'indie rock', 'modern rock']",63,72
3oBP043HsDnok9FzprqPce,The Tazers,8554,"['neo-psychedelic', 'south african alternative']",22,14
7I95CM75shzCjHuTzrepjM,Nova Twins,143336,"['black punk', 'uk diy punk']",53,31
6ql3PKpzPtJITCzZBebyaV,XL LIFE,2698,[],9,6
71ISXR7gtIq5E2AdI3jGf0,Maruja,39289,"['crank wave', 'uk post-punk revival']",40,11
0C0XlULifJtAgn6ZNCW2eu,The Killers,7596336,"['alternative rock', 'dance rock', 'modern rock', 'permanent wave', 'rock']",79,375
2nAKP6etu8wXNnezKXgqgg,Viagra Boys,337197,"['crank wave', 'stockholm indie']",56,19
1PaF0WJCG5MLAoOv5xSWeR,So Tuff So Cute,4506,[],21,6
6hQS54VPpxunuwR0W7usuo,The Technicolors,79688,['phoenix indie'],48,21
24MZwdqSqvkeVdkX4P1T0a,CITRA,1028,[],4,9
4rqs8Dn1h2Fhibmvsx9TPF,The Color 8,11064,['phoenix indie'],40,15
4tXtAqJV0KS75ndQsYh1GG,Mother's Cake,39692,"['austrian metal', 'austrian stoner rock']",36,28
5ypxebeHEIXjMtJb17uJlI,Jet,634349,"['garage rock', 'modern rock', 'pop rock']",64,294
04PoYcw0Zcevr7MQC0kzUM,bby,21138,[],46,10
58eJhHRICp87T2IFcP0bYh,Slush Puppy,65590,['socal indie'],45,21
71ISXR7gtIq5E2AdI3jGf0,Maruja,39289,"['crank wave', 'uk post-punk revival']",40,11
73XtH9MpvvvcUxQxYEAX15,"Hey, Ily",12041,['5th wave emo'],31,23
685XjGzGztyivfR3fAjoxo,Squid,152137,"['brighton indie', 'crank wave', 'english indie rock', 'uk post-punk revival']",43,27
6dcF1Pcj5BlCkSK9FF96GG,Quinten Circle,13549,['hypertechno'],58,23
2NTtIgPZyELENThAeqfvR6,Henrique Camacho,115025,['trance brasileiro'],50,183
1AsruX0vcpmL1O82dfWZBD,Russian Village Boys,132965,"['hard bass', 'russian rave']",53,63
7i7knDRybyk0pKGZs4TrA0,The Whistlers,26577,[],47,31
124jbwgd8Hh6LW7jAqTa8r,Agatino Romero,16541,[],65,45
1r43wW70tnGUauQYvY5w48,BENNETT,241242,['hypertechno'],71,518
1OAjDaKgg00KCUYqDe68un,Gigi D'Agostino,977127,"['eurodance', 'italo dance']",72,117
6LtXxYMIiKSy2EGHnz1f5j,Brutalismus 3000,372697,['nu gabber'],59,20
5mOO1KIfKb5HY8ieKjG9Qf,VisionV,66287,['stutter house'],57,39
4YQOU9GVYBYVJmdmGkDQh1,Fatality,3095,[],43,20
6EVyI0S0b1Ld2nm37m5x85,Raffaella Carrà,198444,['classic italian pop'],67,144
1GVuCyb4PlArufUZDUnRQi,southstar,136810,['pop dance'],64,20
4PvnP3yCzrT289cX3wCdOx,Yung Hurn,442507,"['cloud rap', 'german cloud rap', 'german hip hop', 'phonk']",61,72
20TzJXkB1BHRDiazEqsf8r,WENZL,40805,[],49,34
1k0U51DXyjFk4YnLZUIMP9,6EJOU,32926,"['french techno', 'hard industrial techno']",42,43
7uArFNNb7PASGDpdqh0ta3,Errä,635,[],40,2
3vGgjydudbzEp2r9PmqHc0,Lyente,7907,['hypertechno'],58,34
7i7ddOIQP0uI3ktGxI0zkM,Fyex,42460,"['gym phonk', 'hypertechno']",65,121
2n6aFLFLpEBs61Kfy5EX5v,OGUZ,73186,['techno rave'],49,56
0cwmNvclzPd8mQnoHuIksj,Vengaboys,507272,"['eurodance', 'europop']",65,67
0FEJqmeLRzsXj8hgcZaAyB,Indila,2164206,['french pop'],72,59
2gW0M5fn2r7Lo4Hn1r8HZ5,Creeds,128653,['hypertechno'],65,123
7LexKs9s1tG7Ktkd7lMHBp,Nyctonian,13517,[],45,16
68FFgnelfY75QdZ6RmctYh,Neika,6473,"['raggatek', 'tekno']",38,45
3OHl7zl5cliNK2ADa18ZxL,GEA,10657,[],34,15
1c3uso4iIeeX3P0bhKaQDq,Jaxomy,96303,[],66,40
1cMiNxpdh0mP5WFnPvr4xf,Parkineos,73597,[],50,49
7IwSYMdY2qHT0H6tIGH6l3,Kevin D,9200,[],48,23
02AllsoWp6Gf9O26tNXf8I,Alex Farell,9599,[],43,53
4h8IEOdrg60WM5XGyNOCVU,Lilly Palmer,160423,['swiss techno'],56,72
4QtOZMHDnbuNaHLGMm26rc,Brecc,11823,"['hard industrial techno', 'hard techno']",29,52
6U0dJxYVB41L8WDZ02Nwuk,Dj Samir,131737,['remix brasileiro'],65,97
3YMs2NjzmU8oc5muj4LxgL,Luciid,18069,[],42,61
3oPI0nOC7MHooFy5qDsFrv,AIROD,41879,"['acid techno', 'french techno', 'raw techno']",41,53
5cg7ESNx1k1NLAkdx78P9y,Kevin D'Angello,8895,[],49,11
19mMHUyLK5uYyg9D14yJP6,Enisa,168229,[],56,188
34lIancN28qj7jD4JxYOdE,ZANA,4672,"['covertronica', 'hypertechno']",60,37
2j7Kbyq2wgLpC4tkfcixQZ,Paula Carolina,45940,['nurnberg indie'],48,30
2m8ROV7jEwm66LBxUNhUMt,Sonny Wern,97094,"['covertronica', 'hypertechno']",64,75
7BGTl5Swxc7pcXnSgqzSSM,Amygdala,38910,[],47,27
5JXS13q07rUqMWcgQeQXCM,Fei-Fei,10119,['escape room'],23,74
7fBLGr93Le6xbyLwQK1ZhA,Sjosjo,2249,[],22,10
4cmropGcX5bGUlB6yn4yB3,Jan Vercauteren,14778,['techno rave'],30,8
1WaFQSHVGZQJTbf0BdxdNo,Tommy Richman,783026,['chill abstract hip hop'],78,86
2CpLIMBoE2ZzyY3ZBCRZ7j,BUNT.,198659,['stutter house'],71,96
3oVSD2qVvvT9HhWDlFk4Hv,NeuroBeatz,9405,[],51,84
1gR0gsQYfi6joyO1dlp76N,Justice,1301860,"['alternative dance', 'dance-punk', 'electronica', 'filter house', 'indietronica', 'new rave']",67,79
3OFo18LHyXeX0u7Y2fonXb,Dutch Hour,17506,[],51,65
6fjhNhp9IoeiZpEXq9AT2S,Nico Moreno,274340,['techno rave'],56,35
6DAoPIKbym8tpSn4cAffWv,TEER,2363,[],25,12
0RMeG9M8QFzss9bAbq99KA,Maddix,176447,"['big room', 'hypertechno']",67,255
5Nd385K2g3s0828W8Ab70z,TRYM,106503,['french techno'],44,45
5od72ceH2aN3pS4hcHNzRy,CARAVEL,8382,['hard techno'],30,42
0M2CO5ijP35MDhNwvpgxTV,sped up nightcore,183151,"['nightcore', 'sped up']",71,463
4dRPdWRUFyJp0yhjGBLClx,Xina Mora,29831,[],47,30
79LaPRYSRh7JAnu3r1jYPF,Netherworld,1461,[],34,7
0aby7MYHsm3JS0eSifxu3I,Stan Christ,46692,[],49,46
0KqSULB80ft2H3aFg6kJmN,I Hate Models,245461,"['dark techno', 'french techno', 'industrial techno']",51,41
0ZdNs1hU6aAiaZxvFbtDWF,Shlømo,63062,"['french techno', 'minimal dub']",51,63
7akxhVMmCpSDFw152XqCu6,Fēlēs,1854,[],51,5
5tcwaJBUyEdxQxvieuQxU7,DJ HEARTSTRING,75099,[],56,36
7uYIUwgVSEv7bomOcPROCf,CLTX,20323,['techno rave'],29,78
5mlbvTfWUOfDrUIK6dkNzv,Poppy,1494101,['alt z'],68,55
41GRjz5PGO2O66R6aHLVhm,OMAKS,18394,[],42,31
75vabMROpVyiTX4wv3iHFH,Santa Salut,73931,"['rap politico', 'trap catala']",44,89
6TLwD7HPWuiOzvXEa3oCNe,Oliver Tree,2505704,['alternative hip hop'],71,1470
4frXpPxQQZwbCu3eTGnZEw,Thundercat,1415074,"['afrofuturism', 'indie soul']",72,249
3NP4jJcW3R6qO6rbtnH0wn,MARO,202618,['musica portuguesa contemporanea'],58,81
1Bfk5r6g6fXLaMoESYbePK,Sola,2823,[],12,22
6qqNVTkY8uBg9cP3Jd7DAH,Billie Eilish,103989386,"['art pop', 'pop']",96,454
2KjAo6wVc9d2WcxdxSArpV,RY X,573373,"['indie anthem-folk', 'indie folk']",66,115
5P0unmRK5EI6psA51571i7,Woody and Jeremy,11208,[],32,13
6qqNVTkY8uBg9cP3Jd7DAH,Billie Eilish,103929745,"['art pop', 'pop']",96,454
1Bfk5r6g6fXLaMoESYbePK,Sola,2822,[],12,22
4frXpPxQQZwbCu3eTGnZEw,Thundercat,1414661,"['afrofuturism', 'indie soul']",72,249
5P0unmRK5EI6psA51571i7,Woody and Jeremy,11201,[],32,13
3NP4jJcW3R6qO6rbtnH0wn,MARO,202464,['musica portuguesa contemporanea'],58,81
2KjAo6wVc9d2WcxdxSArpV,RY X,573189,"['indie anthem-folk', 'indie folk']",66,115
1U1el3k54VvEUzo3ybLPlM,Kali Uchis,8241672,['colombian pop'],86,563
4nUBBtLtzqZGpdiynTJbYJ,The Voidz,288008,['modern alternative rock'],56,22
11wRdbnoYqRddKBrpHt4Ue,Kasabian,1831639,"['britpop', 'garage rock', 'leicester indie', 'modern rock', 'rock']",63,88
4skJp5OKvcc9eKokiuhi2s,Pond,341919,['neo-psychedelic'],49,36
3WaJSfKnzc65VDgmj2zU8B,Interpol,1759849,"['alternative dance', 'alternative rock', 'indie rock', 'indietronica', 'modern rock', 'rock']",65,53
4jCIAMb0zEArF3GYEYzoDk,Joy Again,369802,['pov: indie'],64,15
6LEeAFiJF8OuPx747e1wxR,Blood Orange,1026772,"['alternative r&b', 'art pop', 'escape room', 'indie soul', 'indietronica', 'metropopolis']",70,102
4UAW69682T7N0wrABUhqx0,Ginger Root,298545,"['hypnagogic pop', 'oc indie']",55,42
5CXdWANGwYYRPClH6hhC0P,Kid Bloom,195270,['pov: indie'],51,32
27CC3tpq7WQR25M03jKTZm,Kiltro,39894,[],46,10
21TinSsF5ytwsfdyz5VSVS,dodie,1053960,"['alt z', 'indie pop', 'pov: indie']",62,39
6hV6oxGLeLFw17DGjIPkYD,Cosmo Sheldrake,357140,"['pov: indie', 'uk pop']",58,46
20wkVLutqVOYrc0kxFs7rA,Daniel Caesar,7603139,['canadian contemporary r&b'],87,119
6GI3CJjT2bOnMfprCpjT1d,Bootie Brown,10371,[],61,24
2S5hlvw4CMtMGswFtfdK15,Royal Blood,1661158,"['brighton indie', 'garage rock', 'modern alternative rock', 'modern blues rock', 'modern hard rock', 'modern rock', 'rock']",64,416
3Y10boYzeuFCJ4Qgp53w6o,Scissor Sisters,574603,"['dance pop', 'dance rock']",61,158
1rHOtdmGNr5vcYNw5v7QGC,Kenny Beats,213093,"['indie hip hop', 'trap', 'underground hip hop']",61,98
0G7KI9I5BApiXc5Sqpyil9,Melt,43143,['indie soul'],45,17
37J1PlAkhRK7yrZUtqaUpQ,Caravan Palace,1104586,"['electro swing', 'nu jazz']",62,33
3IuEuLez19teZSN32Pf70j,MonoNeon,72821,"['funktronica', 'microtonal']",38,117
3rlkp5krcVyqo8kpAKcqI7,Ms. White,9257,[],21,13
1QOAh6BxuvbhIX4MA5xp52,Yourszlf,267,[],7,13
6FugQjLquBF4JzATRN70bR,Yot Club,589771,['bedroom pop'],68,32
3PTChKfG6D55ZVha09QoEa,Unown,7253,[],18,7
7pbDxGE6nQSZVfiFdq9lOL,Rex Orange County,6316911,['bedroom pop'],76,48
1evO4fwLsEkkPGq32dCix7,Aaron Taylor,118075,"['indie soul', 'uk contemporary r&b']",53,23
21SOnTj5ECwVXeBUTRcP3s,Cory Henry,191736,"['jazz organ', 'retro soul']",46,101
5tA28joO5iZ0eCnvyctqRH,Reuben James,43140,"['indie soul', 'uk contemporary r&b']",51,107
7gW0r5CkdEUMm42w9XpyZO,Laufey,6061523,['gen z singer-songwriter'],85,36
7qpDEiYbQJt05vCyAbg3ru,Scary Goldings,18064,[],30,25
1ybINI1qPiFbwDXamRtwxD,Smino,993965,['alternative r&b'],70,143
4FGpdN4lqGwjrFx9f2E1RI,Genevieve Artadi,21692,[],33,61
27dj7fdNHxGi0ysorNdEGe,Fuckin Whatever,10420,[],18,3
43l4GGl1QwpqP7R2k43M9W,GeeJay,21611,[],51,18
3aia8Qn8pZXJldrYzQqOOq,Diverseddie,30510,['chinese r&b'],42,35
5RTLRtXjbXI2lSXc6jxlAz,Ravyn Lenae,464872,"['alternative r&b', 'indie soul']",63,377
2jbd7OqeJJd1hz81vOXwwW,binki,108093,['modern indie pop'],48,15
5T0MSzX9RC5NA6gAI6irSn,Estelle,325897,"['neo soul', 'r&b']",68,184
5K4W6rqBFWDnAN6FQUkS6x,Kanye West,28431530,"['chicago rap', 'hip hop', 'rap']",93,598
65dGLGjkw3UbddUg2GKQoZ,BADBADNOTGOOD,817213,"['canadian modern jazz', 'indie soul']",65,129
6qgnBH6iDM91ipVXv28OMu,KAYTRANADA,1609667,"['alternative r&b', 'escape room', 'indie soul', 'lgbtq+ hip hop']",73,110
69W52X4tUONDDDb6FmGtl6,Jazz Emu,47763,[],39,25
25CgccXK9hJBTuaMF44zeR,SPIRIT OF THE BEEHIVE,80431,"['american shoegaze', 'countrygaze', 'hyper-rock', 'pennsylvania shoegaze']",42,14
5ahGL7pdoC2nvzna5z5Fz3,Ellie Bleach,5016,[],28,15
2OfJOtcTmunKs2iIXGC9Ak,Rotem Sivan,10307,"['israeli jazz', 'jazz guitar']",29,50
1B0155rdv175D1tQ8VH7Oy,FEVER 333,271207,"['la indie', 'nu-metalcore']",65,57
2imEuRuSqnOYb6c0JhNb35,Ray Angry,1744,[],13,34
5iDcZ7vN17Cq55AbEqy0aC,Arthur Moon,9935,[],18,29
4ilweWzFHh6vrr7OOuDcUh,Arch Echo,58647,"['djent', 'instrumental rock', 'progressive jazz fusion']",32,13
7HifubxN0gO1nHbRIqWhrY,Andrew Huang,117196,['canadian electronic'],42,132
2PlLrStX2yK6CzyRi3TKnO,Guerilla Toss,42816,['boston rock'],30,31
71FIBhvBrEocQMF3DKDIEI,First of October,33537,[],37,6
5FNXMrUhgSTHLbzsmCfLlv,Optimus Rhyme,8635,['nerdcore'],21,9
0NZsNnETGPWLKJj2Y0vpBx,CHAI,122939,['japanese alternative rock'],36,61
2RP4pPHTXlQpDnO9LvR7Yt,Lianne La Havas,961822,"['alternative r&b', 'british soul', 'indie soul', 'neo soul', 'pop soul', 'soul']",57,475
0gEenHtJ9puwA63nbY2TAE,Nick Lutsko,17753,['chattanooga indie'],38,27
0zCrrgklotTrkkJDNUAury,ZAND,65146,"['alt z', 'dark pop']",61,28
57nPqD7z62gDdq37US9XJR,Arcane,448986,[],90,76
47mIJdHORyRerp4os813jD,League of Legends,1981917,"['speedrun', 'video game music']",86,212
5CDonRtIeV3ZYeE8nFjBUh,James Rhodes,74757,"['british classical piano', 'classical piano']",34,30
4wNkV2ccopdr6WCuYyr3QW,Kitten on the Keys,436,[],9,21
5nfGpTvDUwfZzo7IR3LF9w,Circadian Clock,1789,[],20,5
6jlWj6y00bMQt8XoKuCjyZ,Emily King,206191,"['nyc pop', 'pop soul']",48,50
4YbLu4l7vHlJPD9yGjCkRu,Griffinilla,541408,"['otacore', 'pixel']",56,18
2wOqMjp9TyABvtHdOSOTUS,Ludwig van Beethoven,5439292,"['classical', 'classical era', 'early romantic era', 'german romanticism']",74,1677
5ZOKvzD4GQ7Yg2CS4CVbRb,Tee Lopes,40053,[],54,60
2pCpho80T9dJe1BOWnyxkF,Joey Cook,3571,['idol'],27,17
6xs3t4VrfszbO3YJg2wLPa,Fred Durst,15117,['nu metal'],54,29
2hR4h1Cao2ueuI7Cx9c7V8,Cavetown,4281497,"['bedroom pop', 'indie pop', 'pov: indie']",71,425
5HYNPEO2NNBONQkp3Mvwvc,Scott Bradlee's Postmodern Jukebox,1143130,"['jazz cover', 'swing']",61,97
2P6ygesd9xg5DPOBnda2jg,Arvo Pärt,272806,"['baltic classical', 'classical', 'compositional ambient', 'contemporary classical', 'minimalism']",54,1106
1A6HBLulvBFzNtlMb7b08f,Angelina Mango,486970,['italian pop'],66,21
59xljcfdN2Z9VX2U5RFKEa,Bent,75880,"['electronica', 'trip hop']",44,82
6o2D1YBpFJDDaMwZYGyW3T,Vana,87910,[],56,23
1SqMdUGzBNOFB8rDdtiOxN,Bart & Baker,19900,['electro swing'],36,190
7aRGzyzEWC50FDDzdNFMtF,High Fade,85692,[],43,17
7ku4vnPiSrXkUarPFjlzwH,Alexander Malter,741,['contemporary classical piano'],31,7
4aDq8u0yWYdK1WEZZCwVYi,Baethoven,233,[],20,10
6Z5uMO0V6jlOuZ7LUDrSsC,Brye,89767,"['alt z', 'modern indie pop']",47,29
1NRudBLaT84LXxfsYdFMhB,WARGASM (UK),120238,[],52,41
2DJItX4KCgzrEzCEFp9PTa,Dead Astronauts,12809,"['experimental dubstep', 'synthwave']",27,25
7DeuppKQdCVhuWrzzCBBpc,Hiromi,256994,"['japanese jazz', 'jazz fusion', 'modern jazz piano']",49,43
1ZcnsSFqWusWlRK01vKE6b,Montaigne,97994,"['australian indie', 'australian pop']",55,57
0BXnfQpsxFevtKePq6eX4y,Chenayder,56155,[],43,12
41Nu7NgAj9rJxjj7JDuXrV,Peter Cat Recording Co.,208829,"['indian electronic', 'indian indie', 'new delhi indie']",53,8
20vuBdFblWUo2FCOvUzusB,David Byrne,399133,"['art pop', 'art punk', 'art rock', 'permanent wave', 'singer-songwriter', 'solo wave']",54,147
0e86yPdC41PGRkLp2Q1Bph,Mother Mother,4261810,"['canadian indie rock', 'pov: indie', 'vancouver indie']",73,216
7fVp0A6oCMfiQJihMnY0SZ,KNOWER,137526,['la pop'],42,14
5Vd6nIpBPLzJDQDcvILQu4,Early Eyes,45996,['minneapolis indie'],38,17
0jt1EsJCeoQXLNDta4JF6c,Dizzy Fae,85127,"['alternative r&b', 'minneapolis indie']",44,30
2bPgXWPfsRSVwpc0SAdgpu,Human Bloom,10735,[],26,7
5upYtByo4cynxSzLNzULQf,Honeybutter,3635,[],18,7
7kAZYW5e5hQHYGQ0XHYhns,Mustard Service,73221,"['indie garage rock', 'miami indie']",48,13
7riIDkMpiCIuZUbLaScpQq,DAISY,31206,['la pop'],30,10
0NB5HROxc8dDBXpkIi1v3d,Remi Wolf,567292,"['indie pop', 'modern alternative pop']",67,95
05bnFEwruBiBgJH8uW4vo6,Austin Weber,37438,['weirdcore'],37,20
4iMO20EPodreIaEl8qW66y,Still Woozy,1056353,"['bedroom pop', 'oakland indie', 'pov: indie']",68,58
0zySf6MZDNGa0gsCx3lJgw,Caroline Konstnar,21024,[],24,5
6IJ1LHh1lwcxFEoiFViuxV,Still Pigeon,6303,['oxford indie'],26,17
5BHV73RQsL8zucEcnzs8IE,Grebes,4042,['rva indie'],30,11
4yYvor6Rq4fG82J1L47DYp,MICHELLE,116959,['bedroom pop'],52,196
25pd339V2rRJo84USlcSRP,JAWNY,371258,"['bedroom pop', 'pov: indie']",66,78
4NNslFqwFLMsVfeAWfGryM,austenyo,16500,['modern indie pop'],40,19
0ypSujQpBRgRAeOS7YzhnP,the booyah! kids,23450,['bedroom pop'],40,7
0hrMKLqgNEIemiF4Ag8dTI,Sophie Powers,70868,['hyper-rock'],49,129
6g3orasGcMPn0gwcE3JMAC,Bambie Thug,129322,[],50,16
3FobDbMc9jNxkZ8GCc685W,Cody Frost,15812,[],36,16
6DFJfhZxwWe1yKQvRDJmdl,Hyper,72065,"['cyberpunk', 'dark clubbing']",46,77
02nZLQtQ4vL5iHyp6atBrh,Calva Louise,44628,['english indie rock'],36,33
66qKvgH7BREhgzv4WbkZzj,Evan Gamble Lewis,297,[],8,73
4zoN3D2RviWzWeHvkT3wWO,Lake Malice,10274,[],31,12
4QxIol1JzAa4ePmDytv0e4,KID BRUNSWICK,43465,[],48,21
7GRrLcUxwtQLvOpO7OHO80,Psychedelic Porn Crumpets,318986,"['australian garage punk', 'australian psych', 'neo-psychedelic']",51,28
2VnYxiqJFYjBlP3RWRr9Fy,wilt,38033,[],41,11
0mnruuV4CcKu7Ux7kBZ5sa,Quarters of Change,73351,['nyc indie rock'],45,18
6ekYAO2D1JkI58CF4uRRqw,Tigercub,57522,"['brighton indie', 'modern alternative rock']",42,32
5eUda4BaWhUQWWJiP1ml5v,Sorry,81232,"['crank wave', 'english indie rock', 'uk post-punk revival']",44,29
2sxT2y6JIjVpyXBMQzcPG3,Redlab,353,[],3,1
5sTzirFL1wjNa3GuSiUHsy,Stuck in the Sound,138070,"['french rock', 'rock independant francais']",46,19
7KeN0XX71T4fGysIYLB5J5,Destroy Boys,513127,"['oakland indie', 'pov: indie']",60,19
4Rm35HlFV6IwL3e5w6zDx3,Mollo Rilla,13339,['ohio indie'],27,7
6FKokxvL5PCWIxrVhMyDgI,Demob Happy,77590,"['brighton indie', 'modern alternative rock', 'newcastle indie']",44,27
1CcPlAmcnJjC4FnaPVzv2v,I Monster,277723,['downtempo'],59,38
7zQmORVNaWz1cW1KJB2cTX,Mick Jones,2822,['album rock'],50,48
1rCIEwPp5OnXW0ornlSsRl,Metric,864556,"['canadian indie', 'canadian rock', 'indie rock', 'indietronica', 'metropopolis', 'neo-synthpop']",64,58
62bYKAZ5EdmG5Aca9dtVan,Paul Simonon,3296,[],50,14
74XFHRwlV6OrjEM0A2NCMF,Paramore,8979312,"['candy pop', 'modern rock', 'pixie', 'pop', 'pop emo', 'pop punk', 'rock']",79,1257
2asx6eXv9qzj5rA0ESrdO3,Liily,47899,['modern alternative rock'],37,12
7IPyXY4ZHkuvQY1ny8TnMQ,Bad Nerves,70011,"['action rock', 'english indie rock']",49,18
0R5BzePlbvG8xTXw0QF3uw,Goldmund,106411,"['ambient', 'compositional ambient', 'nu age']",48,45
2byXGURM0QAhEgdMIWGM5c,WD-HAN,2071,['tampa indie'],21,18
1dWEYMPtNmvSVaDNLgB6NV,Saint Motel,732172,"['la indie', 'modern alternative rock', 'modern rock', 'pov: indie']",63,180
6trIghKwHRUyxwvm66HLHH,Fousheé,223671,"['alternative r&b', 'indie r&b']",62,61
0U7iI0Dk4Ojvi17nZboNO4,Vacations,1231409,"['newcastle nsw indie', 'pov: indie']",74,19
165ZgPlLkK7bf5bDoFc6Sb,Limp Bizkit,6656408,"['alternative metal', 'funk metal', 'nu metal', 'post-grunge', 'rap metal', 'rock']",78,128
4AGNJdJiVltImYk1UTLE0K,Sports,193462,['tulsa indie'],61,21
0qT79UgT5tY4yudH9VfsdT,Sum 41,4044389,"['alternative metal', 'canadian pop punk', 'canadian punk', 'modern rock', 'pop punk', 'post-grunge', 'punk', 'rock']",75,61
6Ghvu1VvMGScGpOUJBAHNH,Deftones,6315685,"['alternative metal', 'nu metal', 'rap metal', 'rock', 'sacramento indie']",81,254
5EMQXaDvnX8SfzmEds9U3u,Wild Ire,3147,[],20,16
1CWwXncu9sk7EIdbvqcquR,Warmduscher,62582,['crank wave'],48,33
4RddZ3iHvSpGV4dvATac9X,Papa Roach,5489147,"['alternative metal', 'nu metal', 'rap metal', 'rap rock', 'rock']",74,174
3M4ThdJR28z9eSMcQHAZ5G,The Fratellis,871650,"['garage rock', 'modern rock', 'scottish rock']",62,94
6PfSUFtkMVoDkx4MQkzOi3,100 gecs,631143,"['bubblegum bass', 'hyper-rock', 'hyperpop', 'proto-hyperpop']",59,20
0H44O4IYqpTOGx4c5nV37f,poutyface,68204,"['alt z', 'modern indie pop']",41,17
0rbDnVqVc7mv9A6MNyu4lD,Dan Luke and the Raid,8708,['kentucky indie'],32,6
5LfGQac0EIXyAN8aUwmNAQ,The Offspring,5990342,"['alternative metal', 'permanent wave', 'post-grunge', 'punk', 'rock', 'skate punk', 'socal pop punk']",79,178
6Wr3hh341P84m3EI8qdn9O,Rise Against,2791331,"['alternative metal', 'chicago hardcore', 'chicago punk', 'hardcore punk', 'modern rock', 'pop punk', 'post-grunge', 'punk']",72,142
7Hvq85OU8T7Hsd63zNBwaL,black midi,278939,"['avant-prog', 'brutal prog', 'crank wave', 'noise rock', 'uk noise rock', 'uk post-punk revival']",47,19
28uoxZaXCXirkQDIZFaVbJ,Beach Bums,25472,['socal indie'],39,26
08yf5A2nS4XEeNvabDXqyg,Billy Talent,1289146,['canadian punk'],65,168
13pwqHspIhcy1IcAooefso,Will Wood and the Tapeworms,258924,"['new jersey indie', 'pov: indie']",59,6
7ysa24HVkhXpjm5NpwnziR,Anita Velveeta,5031,[],19,25
3hg0uAz0P2tHrvqqHU4zzh,Bicurious,13858,['irish indie rock'],25,16
3EYgeLZ0vtVHKkUL26Eu49,Prince Daddy & the Hyena,79046,"['albany ny indie', 'alternative emo', 'bubblegrunge', 'diy emo', 'emo']",45,16
6LipWEhF4zwwRY8hFtCQHc,The Altogether,27155,[],33,12
3oSKgWx1dqjhidhnhpGbfJ,DITZ,19639,"['crank wave', 'uk post-punk revival']",35,23
6deCiWT7ATcDWP2Cvlalvn,Oscar Lang,157843,['bedroom pop'],58,25
5zVu34ozw0BzXIcNHqkO0u,Liana Flores,524907,['pov: indie'],69,13
56ZTgzPBDge0OvCGgMO3OY,Beach House,2425375,"['art pop', 'baltimore indie', 'dream pop', 'dreamo', 'indie rock', 'indietronica', 'modern dream pop', 'pov: indie']",74,30
35l9BRT7MXmM8bv2WDQiyB,beabadoobee,4578242,"['bedroom pop', 'bubblegrunge', 'indie pop', 'pov: indie']",82,86
73MDShZzdL4vUGMkmXOG6X,Haley Heynderickx,291216,"['countrygaze', 'indie pop', 'portland indie', 'small room']",60,20
3kjuyTCjPG1WMFCiyc5IuB,Arcade Fire,2334276,"['alternative rock', 'baroque pop', 'canadian indie', 'canadian indie rock', 'chamber pop', 'indie rock', 'indietronica', 'modern rock', 'permanent wave', 'quebec indie', 'rock']",65,33
6zvul52xwTWzilBZl6BUbT,Pixies,3199879,"['alternative rock', 'boston rock', 'permanent wave', 'rock']",72,55
0XNa1vTidXlvJ2gHSsRi4A,Franz Ferdinand,2762425,"['alternative rock', 'dance rock', 'indie rock', 'modern rock', 'rock', 'scottish rock']",70,54
0p5axeJsbtTCXBrRVoKjwu,The Drums,984987,"['brooklyn indie', 'indie surf']",64,61
3P6duIn7oHeiBACZfYeNud,FIDLAR,331206,"['indie garage rock', 'noise pop']",51,43
7FBcuc1gsnv6Y1nwFtNRCb,My Chemical Romance,9224586,"['emo', 'modern rock', 'pop punk', 'pov: indie', 'rock']",81,613
4GgYMBRSU2nkvHE2MtdiEu,The Nychillharmonic,5672,[],17,5
1pQ0Axx7UF8LDDOqSgdVmK,Tyler Ballgame,464,[],10,4
5RADpgYLOuS2ZxDq7ggYYH,Death Grips,916765,"['escape room', 'experimental hip hop', 'industrial hip hop']",59,36
7dLkuQHF2ijbK6jiLFyIWM,SWMRS,143044,['oakland indie'],43,15
6Fnr4z4XxrLyioZquy1WhO,DEAR-GOD,5480,['canadian hardcore'],23,24
2I3Pl8SPFNNQMRTEYCLVwZ,Super City ,3992,['baltimore indie'],18,18
2xCCFcGLx1oUlS1AMtfBo9,Going Off,4091,['ukhc'],23,18
40Yq4vzPs9VNUrIBG5Jr2i,The Smashing Pumpkins,5472949,"['alternative metal', 'alternative rock', 'grunge', 'permanent wave', 'rock', 'spacegrunge']",75,141
1wMNhhG8VUhDGZ249MZBtn,"Whatever, Dad",122293,"['lo-fi indie', 'small room']",56,7
6FBDaR13swtiWwGhX1WQsP,blink-182,8693782,"['alternative metal', 'modern rock', 'pop punk', 'punk', 'rock', 'socal pop punk']",79,302
3rJEy2vNlsmWO5JHxKEaP8,Mikey Jose,2421,[],34,21
1bHp6iVI7Jit4RCKtic0YO,Mcbaise,56384,[],41,14
07xbJ7SM1JopFtI1qXvSww,Mini Mansions,73048,['psychedelic pop'],40,19
5wj6rtWtoMYXEppT7Hq07V,Spiral Drive,16984,['austrian stoner rock'],38,18
5gZWu16OAMVGmfLFNj0NCT,Ghost Funk Orchestra,36184,"['neo-psychedelic', 'psychedelic jazz fusion', 'psychedelic soul']",44,27
6e3939Z4hNCDfAqYK6pYM2,Kamggarn,4944,[],32,10
0nswuaAPTwnY9EBFPExHYy,Nathan Haines,10146,['nz jazz'],41,115
0SVxQVCnJn1BNUMY9ZcRO4,levitation room,87340,"['indie garage rock', 'neo-psychedelic']",47,13
1kuG2YsgbrJJ7rgGym6xFY,Lucy,5287,[],29,13
7yNndyXadKRvmkmK1reF3F,Teeth,16106,['mathcore'],29,9
17pZeX1Vy9hugVufmKFbCQ,Vended,206284,[],45,10
0GDGKpJFhVpcjIGF8N6Ewt,Gojira,1579986,"['alternative metal', 'french death metal', 'french metal', 'groove metal', 'metal', 'nu metal', 'progressive groove metal']",66,137
5z9wLR0RGBcWMXr4fCZW0K,Greentea Peng,402151,"['alternative r&b', 'uk contemporary r&b']",57,61
43JlwunhXm1oqdKyOa2Z9Y,Hiatus Kaiyote,674662,"['alternative r&b', 'australian r&b', 'indie soul', 'shiver pop']",58,27
4iJLPqClelZOBCBifm8Fzv,Pierce The Veil,3316275,"['modern rock', 'pop punk', 'screamo']",76,48
4ub2v80S4RIceZRGnlhjTr,Jakob,288801,['bedroom pop'],55,7
7u12AuhJ5AaJIgZAZe0US8,Metalocalypse: Dethklok,436692,['comic metal'],55,7
3qyg72RGnGdF521zMU02u9,Northlane,356395,"['australian metalcore', 'djent', 'melodic metalcore', 'metalcore', 'nu-metalcore', 'progressive metalcore']",54,48
7H3z77VbkJcCcFilmKqKNM,Pale Jay,108810,[],66,18
2efrqekWSHlvhATD50AG3m,Orion Sun,368386,"['alternative r&b', 'bedroom pop']",67,33
35WVTyRnKAoaGExqgktVyb,Hotel Ugly,846056,['modern indie pop'],77,17
0NDgB30D7P2gt1qCS2qfIx,Shurk,8625,[],35,30
6OLvF6GmX0tMBJJDoeM9Hh,Alon Mor,17470,['experimental electronic'],20,20
1Ffb6ejR6Fe5IamqA5oRUF,Bring Me The Horizon,6098838,"['melodic metalcore', 'metalcore', 'modern rock', 'rock', 'uk metalcore']",81,66
4juvzVAyR0hOSQ7YfVMijK,Not Enough Space,94972,[],51,10
1x1MfkVjf8yEzwKhAYZtPY,Ada Rook,15344,['hyper-rock'],33,18
1fd3fmwlhrDl2U5wbbPQYN,Apashe,392585,['bass trap'],61,161
02Bl8I5jXlMRfDSL5swBOm,Fever the Ghost,56398,['electronic rock'],36,18
2VSBr2zu3GbXc2qMR4J4MX,KROY,7622,['indie quebecois'],26,28
5x3hUNIfDPxP1Kr0ZaGs64,Saintseneca,37003,"['columbus ohio indie', 'small room']",34,23
14YzutUdMwS9yTnI0IFBaD,Hania Rani,289378,"['compositional ambient', 'neo-classical']",60,68
0fEfMW5bypHZ0A8eLnhwj5,Kelsey Lu,145226,"['alternative r&b', 'experimental r&b']",49,35
1r1uxoy19fzMxunt3ONAkG,Phoebe Bridgers,2663269,"['indie pop', 'la indie', 'pov: indie']",80,87
1eMeb0IrAFbWw4BeQ8VXDI,Ruby,3225,[],15,12
3zfHIfmPkBRTy2EPGuTUxI,Lucys,10564,['bedroom pop'],57,34
09kXLeOXRyfNQMXRaDO4qA,Nilüfer Yanya,210388,"['art pop', 'experimental pop', 'uk alternative pop']",57,43
0Kekt6CKSo0m5mivKcoH51,Sergei Rachmaninoff,772499,"['classical', 'post-romantic era', 'russian romanticism', 'ukrainian classical']",66,1565
5J3QKfJDFyjR3Q2qRcRaIU,Pity Party (Girls Club),146204,[],60,42
6p2HnfM955TI1bX34dkLnI,The Backseat Lovers,723164,"['pov: indie', 'slc indie']",67,16
0NIPkIjTV8mB795yEIiPYL,Wallows,2869787,['pov: indie'],73,796
536BYVgOnRky0xjsPT96zl,Two Door Cinema Club,2479346,"['indie rock', 'indietronica', 'irish rock', 'modern alternative rock', 'modern rock', 'northern irish indie']",71,85
1itM5tXaK5THggpXA7ovAe,Skinshape,300313,['psychedelic soul'],56,40
2kMzxA8edU05hvMFU493zJ,Good Morning,198348,"['experimental pop', 'indie garage rock', 'lo-fi indie']",55,35
4wyNyxs74Ux8UIDopNjIai,King Krule,889289,['uk alternative pop'],62,35
1AbJ2cmwK400LSvdvBL5Jc,Strawberry Guy,1001581,['bedroom pop'],71,10
3l0CmX0FuQjFxr8SK7Vqag,Clairo,5579562,"['bedroom pop', 'indie pop', 'pov: indie']",82,263
32zeX1IoVKAGWMyy1isKUq,No Vacation,472608,"['chill dream pop', 'indie garage rock', 'indie pop', 'indie surf']",58,15
7eAF64ZiDwK2rDPSrr97D9,The Four Freshmen,23605,['vocal harmony group'],35,116
3E4UsjXgFv2GdwshMkkJze,Kartell,48018,"['filter house', 'indie soul', 'new french touch', 'nu disco']",43,52
4gnBjjGiBRpWW44sINkXez,Robbie Wulfsohn,120,[],22,4
4OJCbpgLBwFKH3kvlvylUn,Jackson Lundy,16965,['bedroom soul'],41,30
6lOCVUQbb9wzuZQbZQV9zn,Cool Company,49380,[],45,50
24hJWbo98sH84tb0nkeaqy,Michael McDonald,549400,"['mellow gold', 'soft rock', 'yacht rock']",58,435
76y8Or7IQGZcKZZ4B8ypw0,DACEY,10751,"['canadian contemporary r&b', 'indie r&b']",32,28
1NrFTpkB0RvbVLYl0p5Xvc,Nic Hanson,9806,[],50,156
4XMc1qHObZ7aXQrH5MmbjK,Busty and the Bass,84134,['retro soul'],47,32
5rwUYLyUq8gBsVaOUcUxpE,Lawrence,332369,"['nyc pop', 'retro soul']",60,73
2datC2OML2YxykP6vnDRmg,Yazmin Lacey,123179,"['alternative r&b', 'indie soul', 'jazz pop']",54,34
3ETLPQkcEd7z4k3IbZmXMq,Cleo Sol,813216,"['alternative r&b', 'uk contemporary r&b', 'uk funky']",68,15
4aMeIY7MkJoZg7O91cmDDd,Adrian Younge,46159,"['african-american classical', 'indie jazz']",43,70
0LYpHdjPJEKhjh3euGHngh,Angela Muñoz,7198,[],25,5
4O2WeJvN0zJcTHiIKV7Fld,Mulch,30,[],32,1
4EnymklUyqZwvmHQGlRssl,Saya Gray,40505,['experimental r&b'],48,14
1NvSNQaybQB7W6AfbhPvwy,LECOCQ,246,[],5,5
26l7d6CNDqVJKOepWtK3Bl,Nico Play,49960,[],46,9
5X0dCi2aVnYEV27S8wgQdF,Nai Palm,128510,"['alternative r&b', 'indie soul']",37,7
7lqaPghwYv2mE9baz5XQmL,Tally Hall,903199,"['ann arbor indie', 'pov: indie']",66,6
7vkhg0Rav27QjDgKgHTOSH,scntfc,10867,['indie game soundtrack'],33,30
22y08IZx7u6SWpsfap1Cub,Rio Romeo,517043,"['pov: indie', 'weirdcore']",68,16
0PgYKqH7ohfAm9LFgWjpl8,ELIZA,168002,"['alternative r&b', 'uk contemporary r&b']",51,22
6ltzsmQQbmdoHHbLZ4ZN25,Lord Huron,1818701,"['indie folk', 'stomp and holler']",78,51
5nWedB4cVlVsLqAqjyuI4W,catbeats,1573,[],18,20
4Wwktb7LI1OtXAWRO6Hln4,Magalí Datzira,5927,[],28,50
0jBHrh9bhZG1UcHsilCKZ9,Andrea Vargas,359,[],24,3
7q7rbnculir9jJ2B6QhUKd,Los Cedros Cloud Forest,365,[],26,1
1CJCThhtbSHWSihjWWRY9r,Leafcutter John,4768,"['british experimental', 'uk experimental electronic']",13,32
2HpfqDQ8DBQlnrbAsdIh7s,Take Care,330922,['corecore'],66,6
0uRdK8gy7fXJGRywrlmPM7,GoldFish,201333,"['cape town indie', 'downtempo', 'south african pop', 'south african pop dance']",51,185
5932gYdqLCu1ftKVXf1PO4,NASAYA,28872,['stutter house'],46,42
5XE0fiZWGbq9TcSuWwJ1fA,potsu,351332,"['japanese chillhop', 'lo-fi beats', 'lo-fi rap']",57,31
6eSSupNppWCXlfiBN1uIsq,Robert Macfarlane,3141,[],40,16
1AgxgADPuRIW1wyaA4OKcB,Tom Rosenthal,595560,['british singer-songwriter'],68,80
3h100hRlLZ7QDz8GRt5QsD,Lullatone,44279,"['j-ambient', 'japanese indie pop']",48,53
0HMLp79IAd9Z8zMgxqpyxn,Radiator Hospital,63694,"['bubblegrunge', 'countrygaze', 'grand rapids indie', 'indie garage rock', 'indie punk', 'lo-fi indie', 'philly indie']",42,19
7LlIWfvgWlDBXfxCvCFbuC,Eloise,183566,['bedroom soul'],51,9
2bNoMMVO2QO6vySQvjn50L,Travis Bretzer,30330,"['edmonton indie', 'indie garage rock']",39,12
4VQqGf7U3RUspgTsprypWE,Kowloon,38167,[],51,24
1svaANJTE5KrG16fTGDqOs,The Puppini Sisters,66110,"['easy listening', 'swing', 'swing revival']",69,151
4pzjm2iMtclScYmoJ7q9tD,Dan Reeder,36594,['new americana'],41,23
7MZIDz9tE0iPbZHmA1XaJ8,Noble Son,7388,[],31,18
1aUv3hnms9YskrIgh09GxU,Lizard in the Spring,4838,[],38,3
12KsgeavNVg66cW2frw3j2,The Real Tuesday Weld,19345,['dark cabaret'],38,35
4ftctxasGrW5Ud5Pbw6kWq,Loving,173213,"['indie garage rock', 'victoria bc indie']",53,11
4Rus30xX4FOv2cyeFI79Qh,Elijah Fox,63259,['corecore'],62,74
5O35zGUolf87RATk2NgSD3,Hether,54596,"['bedroom pop', 'modern indie pop']",50,16
